{
  "projectType": [
    "com.watt.common.builder.sapui5clientbuild",
    "sap.watt.uitools.ide.fiori"
  ],
  "build": {
    "targetFolder": "dist",
    "sourceFolder": "webapp",
    "buildRequired": false,
    "lastBuildDateTime": "Thu, 02 Jun 2016 12:03:16 GMT"
  },
  "generation": [
    {
      "templateId": "fioriexttemplate.extensionProject",
      "templateVersion": "1.4.0",
      "dateTimeStamp": "Tue, 31 May 2016 11:54:46 GMT"
    },
    {
      "templateId": "fioriexttemplate.hidecontrolcomponent",
      "templateVersion": "1.4.0",
      "dateTimeStamp": "Tue, 31 May 2016 12:13:00 GMT"
    },
    {
      "templateId": "fioriexttemplate.replaceviewcomponent",
      "templateVersion": "1.4.0",
      "dateTimeStamp": "Tue, 31 May 2016 13:28:32 GMT"
    },
    {
      "templateId": "fioriexttemplate.extendviewcomponent",
      "templateVersion": "1.4.0",
      "dateTimeStamp": "Tue, 31 May 2016 14:23:38 GMT"
    }
  ],
  "mockpreview": {
    "mockUri": "/sap/opu/odata/sap/GBAPP_PRAPPROVAL;mo/",
    "metadataFilePath": "localService/metadata.xml",
    "loadJSONFiles": false,
    "loadCustomRequests": false,
    "mockRequestsFilePath": ""
  },
  "translation": {
    "translationDomain": "",
    "supportedLanguages": "en,fr,de",
    "defaultLanguage": "en",
    "defaultI18NPropertyFile": "i18n.properties",
    "resourceModelName": "i18n"
  },
  "codeCheckingTriggers": {
    "notifyBeforePush": true,
    "notifyBeforePushLevel": "Error",
    "blockPush": false,
    "blockPushLevel": "Error"
  },
  "extensibility": {
    "controllers": {
      "Main": "MM_PR_APV%2fMain.controller.js",
      "AccountAssignmentTable": "MM_PR_APV%2fview%2fAccountAssignmentTable.controller.js",
      "ItemDetails": "MM_PR_APV%2fview%2fItemDetails.controller.js",
      "ItemServiceLine": "MM_PR_APV%2fview%2fItemServiceLine.controller.js",
      "Limit": "MM_PR_APV%2fview%2fLimit.controller.js",
      "S2": "MM_PR_APV%2fview%2fS2.controller.js",
      "S3": "MM_PR_APV%2fview%2fS3.controller.js",
      "S3_header": "MM_PR_APV%2fview%2fS3_header.controller.js"
    },
    "views": {
      "Main": "MM_PR_APV%2fMain.view.xml",
      "AccountAssignmentTable": "MM_PR_APV%2fview%2fAccountAssignmentTable.view.xml",
      "ItemDetails": "MM_PR_APV%2fview%2fItemDetails.view.xml",
      "ItemServiceLine": "MM_PR_APV%2fview%2fItemServiceLine.view.xml",
      "Limit": "MM_PR_APV%2fview%2fLimit.view.xml",
      "S2": "MM_PR_APV%2fview%2fS2.view.xml",
      "S3": "MM_PR_APV%2fview%2fS3.view.xml",
      "S3_header": "MM_PR_APV%2fview%2fS3_header.view.xml"
    },
    "fragments": {},
    "type": "abaprep",
    "shouldLinkComponentToManifest": false,
    "component": "MM_PR_APV%2fComponent.js",
    "configuration": "MM_PR_APV%2fConfiguration.js",
    "versionJsonPath": "MM_PR_APV%2fversion.json",
    "system": {
      "name": "GTW_Eldorado",
      "proxyUrlPrefix": "/destinations/GTW_Eldorado",
      "sapClient": "001"
    },
    "BSPName": "MM_PR_APV",
    "namespace": "ui.s2p.mm.requisition.approve",
    "resourceBundle": "i18n/i18n.properties",
    "parentResourceRootUrl": "/destinations/GTW_Eldorado/sap/bc/ui5_ui5/sap/MM_PR_APV"
  },
  "basevalidator": {
    "services": {
      "xml": "fioriXmlAnalysis",
      "js": "fioriJsValidator"
    }
  },
  "deploy": {
    "destination": "GTW_Eldorado",
    "name": "ZMM_PR_APV"
  }
}