[{
	"SAP__Origin": "SAP__Origin 1",
	"PrNumber": "PrNumber 1",
	"ItemNumber": "ItemNumber 1",
	"AccountLineNumber": "AccountLineNumber 1",
	"ServiceLineNumber": "ServiceLineNumber 1",
	"AccountCategory": "AccountCategory 1",
	"AccountCategoryDescription": "AccountCategoryDescription 1",
	"AccountNumber": "AccountNumber 1",
	"AccountDescription": "AccountDescription 1",
	"DistributionPercentage": "DistributionPercentage 1",
	"GlAccountNumber": "GlAccountNumber 1",
	"GlAccountDescription": "GlAccountDescription 1",
	"CostCentre": "CostCentre 1",
	"CostCentreIndicator": "CostCentreIndicator 1",
	"CostCentreDescription": "CostCentreDescription 1",
	"WBSElement": "WBSElement 1",
	"WBSElementIndicator": "WBSElementIndicator 1",
	"WBSElementDescription": "WBSElementDescription 1",
	"Network": "Network 1",
	"NetworkIndicator": "NetworkIndicator 1",
	"NetworkDescription": "NetworkDescription 1",
	"Order": "Order 1",
	"OrderIndicator": "OrderIndicator 1",
	"OrderDescription": "OrderDescription 1",
	"SalesOrder": "SalesOrder 1",
	"SalesOrderItem": "SalesOrderItem 1",
	"SalesOrderScheduleLine": "SalesOrderScheduleLine 1",
	"SalesOrderIndicator": "SalesOrderIndicator 1",
	"SalesOrderDescription": "SalesOrderDescription 1",
	"Asset": "Asset 1",
	"AssetSubNumber": "AssetSubNumber 1",
	"AssetIndicator": "AssetIndicator 1",
	"AssetDescription": "AssetDescription 1",
	"ProfitCenter": "ProfitCenter 1",
	"ProfitCenterDescription": "ProfitCenterDescription 1",
	"__metadata": {
		"uri": "AccountingCollection(SAP__Origin='SAP__Origin 1',PrNumber='PrNumber 1',ItemNumber='ItemNumber 1',AccountLineNumber='AccountLineNumber 1')",
		"type": "GBAPP_PRAPPROVAL.Accounting"
	}
}, {
	"SAP__Origin": "SAP__Origin 2",
	"PrNumber": "PrNumber 2",
	"ItemNumber": "ItemNumber 2",
	"AccountLineNumber": "AccountLineNumber 2",
	"ServiceLineNumber": "ServiceLineNumber 2",
	"AccountCategory": "AccountCategory 2",
	"AccountCategoryDescription": "AccountCategoryDescription 2",
	"AccountNumber": "AccountNumber 2",
	"AccountDescription": "AccountDescription 2",
	"DistributionPercentage": "DistributionPercentage 2",
	"GlAccountNumber": "GlAccountNumber 2",
	"GlAccountDescription": "GlAccountDescription 2",
	"CostCentre": "CostCentre 2",
	"CostCentreIndicator": "CostCentreIndicator 2",
	"CostCentreDescription": "CostCentreDescription 2",
	"WBSElement": "WBSElement 2",
	"WBSElementIndicator": "WBSElementIndicator 2",
	"WBSElementDescription": "WBSElementDescription 2",
	"Network": "Network 2",
	"NetworkIndicator": "NetworkIndicator 2",
	"NetworkDescription": "NetworkDescription 2",
	"Order": "Order 2",
	"OrderIndicator": "OrderIndicator 2",
	"OrderDescription": "OrderDescription 2",
	"SalesOrder": "SalesOrder 2",
	"SalesOrderItem": "SalesOrderItem 2",
	"SalesOrderScheduleLine": "SalesOrderScheduleLine 2",
	"SalesOrderIndicator": "SalesOrderIndicator 2",
	"SalesOrderDescription": "SalesOrderDescription 2",
	"Asset": "Asset 2",
	"AssetSubNumber": "AssetSubNumber 2",
	"AssetIndicator": "AssetIndicator 2",
	"AssetDescription": "AssetDescription 2",
	"ProfitCenter": "ProfitCenter 2",
	"ProfitCenterDescription": "ProfitCenterDescription 2",
	"__metadata": {
		"uri": "AccountingCollection(SAP__Origin='SAP__Origin 2',PrNumber='PrNumber 2',ItemNumber='ItemNumber 2',AccountLineNumber='AccountLineNumber 2')",
		"type": "GBAPP_PRAPPROVAL.Accounting"
	}
}, {
	"SAP__Origin": "SAP__Origin 3",
	"PrNumber": "PrNumber 3",
	"ItemNumber": "ItemNumber 3",
	"AccountLineNumber": "AccountLineNumber 3",
	"ServiceLineNumber": "ServiceLineNumber 3",
	"AccountCategory": "AccountCategory 3",
	"AccountCategoryDescription": "AccountCategoryDescription 3",
	"AccountNumber": "AccountNumber 3",
	"AccountDescription": "AccountDescription 3",
	"DistributionPercentage": "DistributionPercentage 3",
	"GlAccountNumber": "GlAccountNumber 3",
	"GlAccountDescription": "GlAccountDescription 3",
	"CostCentre": "CostCentre 3",
	"CostCentreIndicator": "CostCentreIndicator 3",
	"CostCentreDescription": "CostCentreDescription 3",
	"WBSElement": "WBSElement 3",
	"WBSElementIndicator": "WBSElementIndicator 3",
	"WBSElementDescription": "WBSElementDescription 3",
	"Network": "Network 3",
	"NetworkIndicator": "NetworkIndicator 3",
	"NetworkDescription": "NetworkDescription 3",
	"Order": "Order 3",
	"OrderIndicator": "OrderIndicator 3",
	"OrderDescription": "OrderDescription 3",
	"SalesOrder": "SalesOrder 3",
	"SalesOrderItem": "SalesOrderItem 3",
	"SalesOrderScheduleLine": "SalesOrderScheduleLine 3",
	"SalesOrderIndicator": "SalesOrderIndicator 3",
	"SalesOrderDescription": "SalesOrderDescription 3",
	"Asset": "Asset 3",
	"AssetSubNumber": "AssetSubNumber 3",
	"AssetIndicator": "AssetIndicator 3",
	"AssetDescription": "AssetDescription 3",
	"ProfitCenter": "ProfitCenter 3",
	"ProfitCenterDescription": "ProfitCenterDescription 3",
	"__metadata": {
		"uri": "AccountingCollection(SAP__Origin='SAP__Origin 3',PrNumber='PrNumber 3',ItemNumber='ItemNumber 3',AccountLineNumber='AccountLineNumber 3')",
		"type": "GBAPP_PRAPPROVAL.Accounting"
	}
}, {
	"SAP__Origin": "SAP__Origin 4",
	"PrNumber": "PrNumber 4",
	"ItemNumber": "ItemNumber 4",
	"AccountLineNumber": "AccountLineNumber 4",
	"ServiceLineNumber": "ServiceLineNumber 4",
	"AccountCategory": "AccountCategory 4",
	"AccountCategoryDescription": "AccountCategoryDescription 4",
	"AccountNumber": "AccountNumber 4",
	"AccountDescription": "AccountDescription 4",
	"DistributionPercentage": "DistributionPercentage 4",
	"GlAccountNumber": "GlAccountNumber 4",
	"GlAccountDescription": "GlAccountDescription 4",
	"CostCentre": "CostCentre 4",
	"CostCentreIndicator": "CostCentreIndicator 4",
	"CostCentreDescription": "CostCentreDescription 4",
	"WBSElement": "WBSElement 4",
	"WBSElementIndicator": "WBSElementIndicator 4",
	"WBSElementDescription": "WBSElementDescription 4",
	"Network": "Network 4",
	"NetworkIndicator": "NetworkIndicator 4",
	"NetworkDescription": "NetworkDescription 4",
	"Order": "Order 4",
	"OrderIndicator": "OrderIndicator 4",
	"OrderDescription": "OrderDescription 4",
	"SalesOrder": "SalesOrder 4",
	"SalesOrderItem": "SalesOrderItem 4",
	"SalesOrderScheduleLine": "SalesOrderScheduleLine 4",
	"SalesOrderIndicator": "SalesOrderIndicator 4",
	"SalesOrderDescription": "SalesOrderDescription 4",
	"Asset": "Asset 4",
	"AssetSubNumber": "AssetSubNumber 4",
	"AssetIndicator": "AssetIndicator 4",
	"AssetDescription": "AssetDescription 4",
	"ProfitCenter": "ProfitCenter 4",
	"ProfitCenterDescription": "ProfitCenterDescription 4",
	"__metadata": {
		"uri": "AccountingCollection(SAP__Origin='SAP__Origin 4',PrNumber='PrNumber 4',ItemNumber='ItemNumber 4',AccountLineNumber='AccountLineNumber 4')",
		"type": "GBAPP_PRAPPROVAL.Accounting"
	}
}, {
	"SAP__Origin": "SAP__Origin 5",
	"PrNumber": "PrNumber 5",
	"ItemNumber": "ItemNumber 5",
	"AccountLineNumber": "AccountLineNumber 5",
	"ServiceLineNumber": "ServiceLineNumber 5",
	"AccountCategory": "AccountCategory 5",
	"AccountCategoryDescription": "AccountCategoryDescription 5",
	"AccountNumber": "AccountNumber 5",
	"AccountDescription": "AccountDescription 5",
	"DistributionPercentage": "DistributionPercentage 5",
	"GlAccountNumber": "GlAccountNumber 5",
	"GlAccountDescription": "GlAccountDescription 5",
	"CostCentre": "CostCentre 5",
	"CostCentreIndicator": "CostCentreIndicator 5",
	"CostCentreDescription": "CostCentreDescription 5",
	"WBSElement": "WBSElement 5",
	"WBSElementIndicator": "WBSElementIndicator 5",
	"WBSElementDescription": "WBSElementDescription 5",
	"Network": "Network 5",
	"NetworkIndicator": "NetworkIndicator 5",
	"NetworkDescription": "NetworkDescription 5",
	"Order": "Order 5",
	"OrderIndicator": "OrderIndicator 5",
	"OrderDescription": "OrderDescription 5",
	"SalesOrder": "SalesOrder 5",
	"SalesOrderItem": "SalesOrderItem 5",
	"SalesOrderScheduleLine": "SalesOrderScheduleLine 5",
	"SalesOrderIndicator": "SalesOrderIndicator 5",
	"SalesOrderDescription": "SalesOrderDescription 5",
	"Asset": "Asset 5",
	"AssetSubNumber": "AssetSubNumber 5",
	"AssetIndicator": "AssetIndicator 5",
	"AssetDescription": "AssetDescription 5",
	"ProfitCenter": "ProfitCenter 5",
	"ProfitCenterDescription": "ProfitCenterDescription 5",
	"__metadata": {
		"uri": "AccountingCollection(SAP__Origin='SAP__Origin 5',PrNumber='PrNumber 5',ItemNumber='ItemNumber 5',AccountLineNumber='AccountLineNumber 5')",
		"type": "GBAPP_PRAPPROVAL.Accounting"
	}
}, {
	"SAP__Origin": "SAP__Origin 6",
	"PrNumber": "PrNumber 6",
	"ItemNumber": "ItemNumber 6",
	"AccountLineNumber": "AccountLineNumber 6",
	"ServiceLineNumber": "ServiceLineNumber 6",
	"AccountCategory": "AccountCategory 6",
	"AccountCategoryDescription": "AccountCategoryDescription 6",
	"AccountNumber": "AccountNumber 6",
	"AccountDescription": "AccountDescription 6",
	"DistributionPercentage": "DistributionPercentage 6",
	"GlAccountNumber": "GlAccountNumber 6",
	"GlAccountDescription": "GlAccountDescription 6",
	"CostCentre": "CostCentre 6",
	"CostCentreIndicator": "CostCentreIndicator 6",
	"CostCentreDescription": "CostCentreDescription 6",
	"WBSElement": "WBSElement 6",
	"WBSElementIndicator": "WBSElementIndicator 6",
	"WBSElementDescription": "WBSElementDescription 6",
	"Network": "Network 6",
	"NetworkIndicator": "NetworkIndicator 6",
	"NetworkDescription": "NetworkDescription 6",
	"Order": "Order 6",
	"OrderIndicator": "OrderIndicator 6",
	"OrderDescription": "OrderDescription 6",
	"SalesOrder": "SalesOrder 6",
	"SalesOrderItem": "SalesOrderItem 6",
	"SalesOrderScheduleLine": "SalesOrderScheduleLine 6",
	"SalesOrderIndicator": "SalesOrderIndicator 6",
	"SalesOrderDescription": "SalesOrderDescription 6",
	"Asset": "Asset 6",
	"AssetSubNumber": "AssetSubNumber 6",
	"AssetIndicator": "AssetIndicator 6",
	"AssetDescription": "AssetDescription 6",
	"ProfitCenter": "ProfitCenter 6",
	"ProfitCenterDescription": "ProfitCenterDescription 6",
	"__metadata": {
		"uri": "AccountingCollection(SAP__Origin='SAP__Origin 6',PrNumber='PrNumber 6',ItemNumber='ItemNumber 6',AccountLineNumber='AccountLineNumber 6')",
		"type": "GBAPP_PRAPPROVAL.Accounting"
	}
}, {
	"SAP__Origin": "SAP__Origin 7",
	"PrNumber": "PrNumber 7",
	"ItemNumber": "ItemNumber 7",
	"AccountLineNumber": "AccountLineNumber 7",
	"ServiceLineNumber": "ServiceLineNumber 7",
	"AccountCategory": "AccountCategory 7",
	"AccountCategoryDescription": "AccountCategoryDescription 7",
	"AccountNumber": "AccountNumber 7",
	"AccountDescription": "AccountDescription 7",
	"DistributionPercentage": "DistributionPercentage 7",
	"GlAccountNumber": "GlAccountNumber 7",
	"GlAccountDescription": "GlAccountDescription 7",
	"CostCentre": "CostCentre 7",
	"CostCentreIndicator": "CostCentreIndicator 7",
	"CostCentreDescription": "CostCentreDescription 7",
	"WBSElement": "WBSElement 7",
	"WBSElementIndicator": "WBSElementIndicator 7",
	"WBSElementDescription": "WBSElementDescription 7",
	"Network": "Network 7",
	"NetworkIndicator": "NetworkIndicator 7",
	"NetworkDescription": "NetworkDescription 7",
	"Order": "Order 7",
	"OrderIndicator": "OrderIndicator 7",
	"OrderDescription": "OrderDescription 7",
	"SalesOrder": "SalesOrder 7",
	"SalesOrderItem": "SalesOrderItem 7",
	"SalesOrderScheduleLine": "SalesOrderScheduleLine 7",
	"SalesOrderIndicator": "SalesOrderIndicator 7",
	"SalesOrderDescription": "SalesOrderDescription 7",
	"Asset": "Asset 7",
	"AssetSubNumber": "AssetSubNumber 7",
	"AssetIndicator": "AssetIndicator 7",
	"AssetDescription": "AssetDescription 7",
	"ProfitCenter": "ProfitCenter 7",
	"ProfitCenterDescription": "ProfitCenterDescription 7",
	"__metadata": {
		"uri": "AccountingCollection(SAP__Origin='SAP__Origin 7',PrNumber='PrNumber 7',ItemNumber='ItemNumber 7',AccountLineNumber='AccountLineNumber 7')",
		"type": "GBAPP_PRAPPROVAL.Accounting"
	}
}, {
	"SAP__Origin": "SAP__Origin 8",
	"PrNumber": "PrNumber 8",
	"ItemNumber": "ItemNumber 8",
	"AccountLineNumber": "AccountLineNumber 8",
	"ServiceLineNumber": "ServiceLineNumber 8",
	"AccountCategory": "AccountCategory 8",
	"AccountCategoryDescription": "AccountCategoryDescription 8",
	"AccountNumber": "AccountNumber 8",
	"AccountDescription": "AccountDescription 8",
	"DistributionPercentage": "DistributionPercentage 8",
	"GlAccountNumber": "GlAccountNumber 8",
	"GlAccountDescription": "GlAccountDescription 8",
	"CostCentre": "CostCentre 8",
	"CostCentreIndicator": "CostCentreIndicator 8",
	"CostCentreDescription": "CostCentreDescription 8",
	"WBSElement": "WBSElement 8",
	"WBSElementIndicator": "WBSElementIndicator 8",
	"WBSElementDescription": "WBSElementDescription 8",
	"Network": "Network 8",
	"NetworkIndicator": "NetworkIndicator 8",
	"NetworkDescription": "NetworkDescription 8",
	"Order": "Order 8",
	"OrderIndicator": "OrderIndicator 8",
	"OrderDescription": "OrderDescription 8",
	"SalesOrder": "SalesOrder 8",
	"SalesOrderItem": "SalesOrderItem 8",
	"SalesOrderScheduleLine": "SalesOrderScheduleLine 8",
	"SalesOrderIndicator": "SalesOrderIndicator 8",
	"SalesOrderDescription": "SalesOrderDescription 8",
	"Asset": "Asset 8",
	"AssetSubNumber": "AssetSubNumber 8",
	"AssetIndicator": "AssetIndicator 8",
	"AssetDescription": "AssetDescription 8",
	"ProfitCenter": "ProfitCenter 8",
	"ProfitCenterDescription": "ProfitCenterDescription 8",
	"__metadata": {
		"uri": "AccountingCollection(SAP__Origin='SAP__Origin 8',PrNumber='PrNumber 8',ItemNumber='ItemNumber 8',AccountLineNumber='AccountLineNumber 8')",
		"type": "GBAPP_PRAPPROVAL.Accounting"
	}
}, {
	"SAP__Origin": "SAP__Origin 9",
	"PrNumber": "PrNumber 9",
	"ItemNumber": "ItemNumber 9",
	"AccountLineNumber": "AccountLineNumber 9",
	"ServiceLineNumber": "ServiceLineNumber 9",
	"AccountCategory": "AccountCategory 9",
	"AccountCategoryDescription": "AccountCategoryDescription 9",
	"AccountNumber": "AccountNumber 9",
	"AccountDescription": "AccountDescription 9",
	"DistributionPercentage": "DistributionPercentage 9",
	"GlAccountNumber": "GlAccountNumber 9",
	"GlAccountDescription": "GlAccountDescription 9",
	"CostCentre": "CostCentre 9",
	"CostCentreIndicator": "CostCentreIndicator 9",
	"CostCentreDescription": "CostCentreDescription 9",
	"WBSElement": "WBSElement 9",
	"WBSElementIndicator": "WBSElementIndicator 9",
	"WBSElementDescription": "WBSElementDescription 9",
	"Network": "Network 9",
	"NetworkIndicator": "NetworkIndicator 9",
	"NetworkDescription": "NetworkDescription 9",
	"Order": "Order 9",
	"OrderIndicator": "OrderIndicator 9",
	"OrderDescription": "OrderDescription 9",
	"SalesOrder": "SalesOrder 9",
	"SalesOrderItem": "SalesOrderItem 9",
	"SalesOrderScheduleLine": "SalesOrderScheduleLine 9",
	"SalesOrderIndicator": "SalesOrderIndicator 9",
	"SalesOrderDescription": "SalesOrderDescription 9",
	"Asset": "Asset 9",
	"AssetSubNumber": "AssetSubNumber 9",
	"AssetIndicator": "AssetIndicator 9",
	"AssetDescription": "AssetDescription 9",
	"ProfitCenter": "ProfitCenter 9",
	"ProfitCenterDescription": "ProfitCenterDescription 9",
	"__metadata": {
		"uri": "AccountingCollection(SAP__Origin='SAP__Origin 9',PrNumber='PrNumber 9',ItemNumber='ItemNumber 9',AccountLineNumber='AccountLineNumber 9')",
		"type": "GBAPP_PRAPPROVAL.Accounting"
	}
}, {
	"SAP__Origin": "SAP__Origin 10",
	"PrNumber": "PrNumber 10",
	"ItemNumber": "ItemNumber 10",
	"AccountLineNumber": "AccountLineNumber 10",
	"ServiceLineNumber": "ServiceLineNumber 10",
	"AccountCategory": "AccountCategory 10",
	"AccountCategoryDescription": "AccountCategoryDescription 10",
	"AccountNumber": "AccountNumber 10",
	"AccountDescription": "AccountDescription 10",
	"DistributionPercentage": "DistributionPercentage 10",
	"GlAccountNumber": "GlAccountNumber 10",
	"GlAccountDescription": "GlAccountDescription 10",
	"CostCentre": "CostCentre 10",
	"CostCentreIndicator": "CostCentreIndicator 10",
	"CostCentreDescription": "CostCentreDescription 10",
	"WBSElement": "WBSElement 10",
	"WBSElementIndicator": "WBSElementIndicator 10",
	"WBSElementDescription": "WBSElementDescription 10",
	"Network": "Network 10",
	"NetworkIndicator": "NetworkIndicator 10",
	"NetworkDescription": "NetworkDescription 10",
	"Order": "Order 10",
	"OrderIndicator": "OrderIndicator 10",
	"OrderDescription": "OrderDescription 10",
	"SalesOrder": "SalesOrder 10",
	"SalesOrderItem": "SalesOrderItem 10",
	"SalesOrderScheduleLine": "SalesOrderScheduleLine 10",
	"SalesOrderIndicator": "SalesOrderIndicator 10",
	"SalesOrderDescription": "SalesOrderDescription 10",
	"Asset": "Asset 10",
	"AssetSubNumber": "AssetSubNumber 10",
	"AssetIndicator": "AssetIndicator 10",
	"AssetDescription": "AssetDescription 10",
	"ProfitCenter": "ProfitCenter 10",
	"ProfitCenterDescription": "ProfitCenterDescription 10",
	"__metadata": {
		"uri": "AccountingCollection(SAP__Origin='SAP__Origin 10',PrNumber='PrNumber 10',ItemNumber='ItemNumber 10',AccountLineNumber='AccountLineNumber 10')",
		"type": "GBAPP_PRAPPROVAL.Accounting"
	}
}]