[{
	"SAP__Origin": "SAP__Origin 1",
	"AttachmentGuid": "AttachmentGuid 1",
	"PrNumber": "PrNumber 1",
	"ItemNumber": "ItemNumber 1",
	"Description": "Description 1",
	"FileName": "FileName 1",
	"MimeType": "MimeType 1",
	"FileSize": "FileSize 1",
	"CreatedByID": "CreatedByID 1",
	"CreatedByName": "CreatedByName 1",
	"CreatedAt": "/Date(1121782285000)/",
	"__metadata": {
		"uri": "AttachmentCollection(SAP__Origin='SAP__Origin 1',AttachmentGuid='AttachmentGuid 1')",
		"type": "GBAPP_PRAPPROVAL.Attachment"
	}
}, {
	"SAP__Origin": "SAP__Origin 2",
	"AttachmentGuid": "AttachmentGuid 2",
	"PrNumber": "PrNumber 2",
	"ItemNumber": "ItemNumber 2",
	"Description": "Description 2",
	"FileName": "FileName 2",
	"MimeType": "MimeType 2",
	"FileSize": "FileSize 2",
	"CreatedByID": "CreatedByID 2",
	"CreatedByName": "CreatedByName 2",
	"CreatedAt": "/Date(1292857885000)/",
	"__metadata": {
		"uri": "AttachmentCollection(SAP__Origin='SAP__Origin 2',AttachmentGuid='AttachmentGuid 2')",
		"type": "GBAPP_PRAPPROVAL.Attachment"
	}
}, {
	"SAP__Origin": "SAP__Origin 3",
	"AttachmentGuid": "AttachmentGuid 3",
	"PrNumber": "PrNumber 3",
	"ItemNumber": "ItemNumber 3",
	"Description": "Description 3",
	"FileName": "FileName 3",
	"MimeType": "MimeType 3",
	"FileSize": "FileSize 3",
	"CreatedByID": "CreatedByID 3",
	"CreatedByName": "CreatedByName 3",
	"CreatedAt": "/Date(1528726285000)/",
	"__metadata": {
		"uri": "AttachmentCollection(SAP__Origin='SAP__Origin 3',AttachmentGuid='AttachmentGuid 3')",
		"type": "GBAPP_PRAPPROVAL.Attachment"
	}
}, {
	"SAP__Origin": "SAP__Origin 4",
	"AttachmentGuid": "AttachmentGuid 4",
	"PrNumber": "PrNumber 4",
	"ItemNumber": "ItemNumber 4",
	"Description": "Description 4",
	"FileName": "FileName 4",
	"MimeType": "MimeType 4",
	"FileSize": "FileSize 4",
	"CreatedByID": "CreatedByID 4",
	"CreatedByName": "CreatedByName 4",
	"CreatedAt": "/Date(1457017885000)/",
	"__metadata": {
		"uri": "AttachmentCollection(SAP__Origin='SAP__Origin 4',AttachmentGuid='AttachmentGuid 4')",
		"type": "GBAPP_PRAPPROVAL.Attachment"
	}
}, {
	"SAP__Origin": "SAP__Origin 5",
	"AttachmentGuid": "AttachmentGuid 5",
	"PrNumber": "PrNumber 5",
	"ItemNumber": "ItemNumber 5",
	"Description": "Description 5",
	"FileName": "FileName 5",
	"MimeType": "MimeType 5",
	"FileSize": "FileSize 5",
	"CreatedByID": "CreatedByID 5",
	"CreatedByName": "CreatedByName 5",
	"CreatedAt": "/Date(1513782685000)/",
	"__metadata": {
		"uri": "AttachmentCollection(SAP__Origin='SAP__Origin 5',AttachmentGuid='AttachmentGuid 5')",
		"type": "GBAPP_PRAPPROVAL.Attachment"
	}
}, {
	"SAP__Origin": "SAP__Origin 6",
	"AttachmentGuid": "AttachmentGuid 6",
	"PrNumber": "PrNumber 6",
	"ItemNumber": "ItemNumber 6",
	"Description": "Description 6",
	"FileName": "FileName 6",
	"MimeType": "MimeType 6",
	"FileSize": "FileSize 6",
	"CreatedByID": "CreatedByID 6",
	"CreatedByName": "CreatedByName 6",
	"CreatedAt": "/Date(1221228685000)/",
	"__metadata": {
		"uri": "AttachmentCollection(SAP__Origin='SAP__Origin 6',AttachmentGuid='AttachmentGuid 6')",
		"type": "GBAPP_PRAPPROVAL.Attachment"
	}
}, {
	"SAP__Origin": "SAP__Origin 7",
	"AttachmentGuid": "AttachmentGuid 7",
	"PrNumber": "PrNumber 7",
	"ItemNumber": "ItemNumber 7",
	"Description": "Description 7",
	"FileName": "FileName 7",
	"MimeType": "MimeType 7",
	"FileSize": "FileSize 7",
	"CreatedByID": "CreatedByID 7",
	"CreatedByName": "CreatedByName 7",
	"CreatedAt": "/Date(1203693085000)/",
	"__metadata": {
		"uri": "AttachmentCollection(SAP__Origin='SAP__Origin 7',AttachmentGuid='AttachmentGuid 7')",
		"type": "GBAPP_PRAPPROVAL.Attachment"
	}
}, {
	"SAP__Origin": "SAP__Origin 8",
	"AttachmentGuid": "AttachmentGuid 8",
	"PrNumber": "PrNumber 8",
	"ItemNumber": "ItemNumber 8",
	"Description": "Description 8",
	"FileName": "FileName 8",
	"MimeType": "MimeType 8",
	"FileSize": "FileSize 8",
	"CreatedByID": "CreatedByID 8",
	"CreatedByName": "CreatedByName 8",
	"CreatedAt": "/Date(1138979485000)/",
	"__metadata": {
		"uri": "AttachmentCollection(SAP__Origin='SAP__Origin 8',AttachmentGuid='AttachmentGuid 8')",
		"type": "GBAPP_PRAPPROVAL.Attachment"
	}
}, {
	"SAP__Origin": "SAP__Origin 9",
	"AttachmentGuid": "AttachmentGuid 9",
	"PrNumber": "PrNumber 9",
	"ItemNumber": "ItemNumber 9",
	"Description": "Description 9",
	"FileName": "FileName 9",
	"MimeType": "MimeType 9",
	"FileSize": "FileSize 9",
	"CreatedByID": "CreatedByID 9",
	"CreatedByName": "CreatedByName 9",
	"CreatedAt": "/Date(1224857485000)/",
	"__metadata": {
		"uri": "AttachmentCollection(SAP__Origin='SAP__Origin 9',AttachmentGuid='AttachmentGuid 9')",
		"type": "GBAPP_PRAPPROVAL.Attachment"
	}
}, {
	"SAP__Origin": "SAP__Origin 10",
	"AttachmentGuid": "AttachmentGuid 10",
	"PrNumber": "PrNumber 10",
	"ItemNumber": "ItemNumber 10",
	"Description": "Description 10",
	"FileName": "FileName 10",
	"MimeType": "MimeType 10",
	"FileSize": "FileSize 10",
	"CreatedByID": "CreatedByID 10",
	"CreatedByName": "CreatedByName 10",
	"CreatedAt": "/Date(1110899485000)/",
	"__metadata": {
		"uri": "AttachmentCollection(SAP__Origin='SAP__Origin 10',AttachmentGuid='AttachmentGuid 10')",
		"type": "GBAPP_PRAPPROVAL.Attachment"
	}
}]