[{
	"SAP__Origin": "SAP__Origin 1",
	"PrNumber": "PrNumber 1",
	"ItemNumber": "ItemNumber 1",
	"ComponentID": "ComponentID 1",
	"Material": "Material 1",
	"Description": "Description 1",
	"Quantity": 9064.85,
	"BaseUnitCode": "BaseUnitCode 1",
	"BaseUnitDescription": "BaseUnitDescription 1",
	"__metadata": {
		"uri": "ComponentCollection(SAP__Origin='SAP__Origin 1',PrNumber='PrNumber 1',ItemNumber='ItemNumber 1',ComponentID='ComponentID 1')",
		"type": "GBAPP_PRAPPROVAL.Component"
	}
}, {
	"SAP__Origin": "SAP__Origin 2",
	"PrNumber": "PrNumber 2",
	"ItemNumber": "ItemNumber 2",
	"ComponentID": "ComponentID 2",
	"Material": "Material 2",
	"Description": "Description 2",
	"Quantity": 9983.77,
	"BaseUnitCode": "BaseUnitCode 2",
	"BaseUnitDescription": "BaseUnitDescription 2",
	"__metadata": {
		"uri": "ComponentCollection(SAP__Origin='SAP__Origin 2',PrNumber='PrNumber 2',ItemNumber='ItemNumber 2',ComponentID='ComponentID 2')",
		"type": "GBAPP_PRAPPROVAL.Component"
	}
}, {
	"SAP__Origin": "SAP__Origin 3",
	"PrNumber": "PrNumber 3",
	"ItemNumber": "ItemNumber 3",
	"ComponentID": "ComponentID 3",
	"Material": "Material 3",
	"Description": "Description 3",
	"Quantity": 8119.66,
	"BaseUnitCode": "BaseUnitCode 3",
	"BaseUnitDescription": "BaseUnitDescription 3",
	"__metadata": {
		"uri": "ComponentCollection(SAP__Origin='SAP__Origin 3',PrNumber='PrNumber 3',ItemNumber='ItemNumber 3',ComponentID='ComponentID 3')",
		"type": "GBAPP_PRAPPROVAL.Component"
	}
}, {
	"SAP__Origin": "SAP__Origin 4",
	"PrNumber": "PrNumber 4",
	"ItemNumber": "ItemNumber 4",
	"ComponentID": "ComponentID 4",
	"Material": "Material 4",
	"Description": "Description 4",
	"Quantity": 206.06,
	"BaseUnitCode": "BaseUnitCode 4",
	"BaseUnitDescription": "BaseUnitDescription 4",
	"__metadata": {
		"uri": "ComponentCollection(SAP__Origin='SAP__Origin 4',PrNumber='PrNumber 4',ItemNumber='ItemNumber 4',ComponentID='ComponentID 4')",
		"type": "GBAPP_PRAPPROVAL.Component"
	}
}, {
	"SAP__Origin": "SAP__Origin 5",
	"PrNumber": "PrNumber 5",
	"ItemNumber": "ItemNumber 5",
	"ComponentID": "ComponentID 5",
	"Material": "Material 5",
	"Description": "Description 5",
	"Quantity": 6299.54,
	"BaseUnitCode": "BaseUnitCode 5",
	"BaseUnitDescription": "BaseUnitDescription 5",
	"__metadata": {
		"uri": "ComponentCollection(SAP__Origin='SAP__Origin 5',PrNumber='PrNumber 5',ItemNumber='ItemNumber 5',ComponentID='ComponentID 5')",
		"type": "GBAPP_PRAPPROVAL.Component"
	}
}, {
	"SAP__Origin": "SAP__Origin 6",
	"PrNumber": "PrNumber 6",
	"ItemNumber": "ItemNumber 6",
	"ComponentID": "ComponentID 6",
	"Material": "Material 6",
	"Description": "Description 6",
	"Quantity": 8932.39,
	"BaseUnitCode": "BaseUnitCode 6",
	"BaseUnitDescription": "BaseUnitDescription 6",
	"__metadata": {
		"uri": "ComponentCollection(SAP__Origin='SAP__Origin 6',PrNumber='PrNumber 6',ItemNumber='ItemNumber 6',ComponentID='ComponentID 6')",
		"type": "GBAPP_PRAPPROVAL.Component"
	}
}, {
	"SAP__Origin": "SAP__Origin 7",
	"PrNumber": "PrNumber 7",
	"ItemNumber": "ItemNumber 7",
	"ComponentID": "ComponentID 7",
	"Material": "Material 7",
	"Description": "Description 7",
	"Quantity": 1868.77,
	"BaseUnitCode": "BaseUnitCode 7",
	"BaseUnitDescription": "BaseUnitDescription 7",
	"__metadata": {
		"uri": "ComponentCollection(SAP__Origin='SAP__Origin 7',PrNumber='PrNumber 7',ItemNumber='ItemNumber 7',ComponentID='ComponentID 7')",
		"type": "GBAPP_PRAPPROVAL.Component"
	}
}, {
	"SAP__Origin": "SAP__Origin 8",
	"PrNumber": "PrNumber 8",
	"ItemNumber": "ItemNumber 8",
	"ComponentID": "ComponentID 8",
	"Material": "Material 8",
	"Description": "Description 8",
	"Quantity": 5909.98,
	"BaseUnitCode": "BaseUnitCode 8",
	"BaseUnitDescription": "BaseUnitDescription 8",
	"__metadata": {
		"uri": "ComponentCollection(SAP__Origin='SAP__Origin 8',PrNumber='PrNumber 8',ItemNumber='ItemNumber 8',ComponentID='ComponentID 8')",
		"type": "GBAPP_PRAPPROVAL.Component"
	}
}, {
	"SAP__Origin": "SAP__Origin 9",
	"PrNumber": "PrNumber 9",
	"ItemNumber": "ItemNumber 9",
	"ComponentID": "ComponentID 9",
	"Material": "Material 9",
	"Description": "Description 9",
	"Quantity": 5679.19,
	"BaseUnitCode": "BaseUnitCode 9",
	"BaseUnitDescription": "BaseUnitDescription 9",
	"__metadata": {
		"uri": "ComponentCollection(SAP__Origin='SAP__Origin 9',PrNumber='PrNumber 9',ItemNumber='ItemNumber 9',ComponentID='ComponentID 9')",
		"type": "GBAPP_PRAPPROVAL.Component"
	}
}, {
	"SAP__Origin": "SAP__Origin 10",
	"PrNumber": "PrNumber 10",
	"ItemNumber": "ItemNumber 10",
	"ComponentID": "ComponentID 10",
	"Material": "Material 10",
	"Description": "Description 10",
	"Quantity": 7037.65,
	"BaseUnitCode": "BaseUnitCode 10",
	"BaseUnitDescription": "BaseUnitDescription 10",
	"__metadata": {
		"uri": "ComponentCollection(SAP__Origin='SAP__Origin 10',PrNumber='PrNumber 10',ItemNumber='ItemNumber 10',ComponentID='ComponentID 10')",
		"type": "GBAPP_PRAPPROVAL.Component"
	}
}]