[{
	"HeaderAcc": {
		"AccountCategoryDescription": "AccountCategoryDescription 1",
		"AccountNumber": "AccountNumber 1",
		"AccountDescription": "AccountDescription 1",
		"GlAccountNumber": "GlAccountNumber 1",
		"GlAccountDescription": "GlAccountDescription 1",
		"CumulatedAccountingTypeCode": "CumulatedAccountingTypeCode 1",
		"CumulatedAccountingTypeCodeName": "CumulatedAccountingTypeCodeName 1",
		"CostCentre": "CostCentre 1",
		"CostCentreIndicator": "CostCentreIndicator 1",
		"CostCentreDescription": "CostCentreDescription 1",
		"WBSElement": "WBSElement 1",
		"WBSElementIndicator": "WBSElementIndicator 1",
		"WBSElementDescription": "WBSElementDescription 1",
		"Network": "Network 1",
		"NetworkIndicator": "NetworkIndicator 1",
		"NetworkDescription": "NetworkDescription 1",
		"Order": "Order 1",
		"OrderIndicator": "OrderIndicator 1",
		"OrderDescription": "OrderDescription 1",
		"SalesOrder": "SalesOrder 1",
		"SalesOrderItem": "SalesOrderItem 1",
		"SalesOrderScheduleLine": "SalesOrderScheduleLine 1",
		"SalesOrderIndicator": "SalesOrderIndicator 1",
		"SalesOrderDescription": "SalesOrderDescription 1",
		"Asset": "Asset 1",
		"AssetSubNumber": "AssetSubNumber 1",
		"AssetIndicator": "AssetIndicator 1",
		"AssetDescription": "AssetDescription 1",
		"ProfitCenter": "ProfitCenter 1",
		"ProfitCenterDescription": "ProfitCenterDescription 1"
	},
	"HdDeliveryAddress": {
		"Plant": "Plant 1",
		"PlantName": "PlantName 1",
		"CustomerId": "CustomerId 1",
		"CustomerName": "CustomerName 1",
		"AddressString": "AddressString 1"
	},
	"SAP__Origin": "SAP__Origin 1",
	"WorkitemID": "WorkitemID 1",
	"PrNumber": "PrNumber 1",
	"PrNumberFormatted": "PrNumberFormatted 1",
	"TaskType": "TaskType 1",
	"WiCreatedAt": "/Date(1416150675000)/",
	"ForwardedByID": "ForwardedByID 1",
	"ForwardedByName": "ForwardedByName 1",
	"SubstitutingForID": "SubstitutingForID 1",
	"SubstitutingForName": "SubstitutingForName 1",
	"CreatedByID": "CreatedByID 1",
	"CreatedByName": "CreatedByName 1",
	"Value": 515.38,
	"Currency": "Currency 1",
	"DeliveryDate": "/Date(1145628675000)/",
	"DeliveryDateAlsoLater": "DeliveryDateAlsoLater 1",
	"SupplierID": "SupplierID 1",
	"SupplierName": "SupplierName 1",
	"NumberOfNotes": 4972,
	"NumberOfAttachments": 2865,
	"NumberOfItems": 7141,
	"__metadata": {
		"uri": "HeaderDetailCollection(SAP__Origin='SAP__Origin 1',WorkitemID='WorkitemID 1')",
		"type": "GBAPP_PRAPPROVAL.HeaderDetail"
	},
	"HeaderItemDetails": {
		"__deferred": {
			"uri": "HeaderDetailCollection(SAP__Origin='SAP__Origin 1',WorkitemID='WorkitemID 1')/HeaderItemDetails"
		}
	},
	"Notes": {
		"__deferred": {
			"uri": "HeaderDetailCollection(SAP__Origin='SAP__Origin 1',WorkitemID='WorkitemID 1')/Notes"
		}
	},
	"Attachments": {
		"__deferred": {
			"uri": "HeaderDetailCollection(SAP__Origin='SAP__Origin 1',WorkitemID='WorkitemID 1')/Attachments"
		}
	}
}, {
	"HeaderAcc": {
		"AccountCategoryDescription": "AccountCategoryDescription 2",
		"AccountNumber": "AccountNumber 2",
		"AccountDescription": "AccountDescription 2",
		"GlAccountNumber": "GlAccountNumber 2",
		"GlAccountDescription": "GlAccountDescription 2",
		"CumulatedAccountingTypeCode": "CumulatedAccountingTypeCode 2",
		"CumulatedAccountingTypeCodeName": "CumulatedAccountingTypeCodeName 2",
		"CostCentre": "CostCentre 2",
		"CostCentreIndicator": "CostCentreIndicator 2",
		"CostCentreDescription": "CostCentreDescription 2",
		"WBSElement": "WBSElement 2",
		"WBSElementIndicator": "WBSElementIndicator 2",
		"WBSElementDescription": "WBSElementDescription 2",
		"Network": "Network 2",
		"NetworkIndicator": "NetworkIndicator 2",
		"NetworkDescription": "NetworkDescription 2",
		"Order": "Order 2",
		"OrderIndicator": "OrderIndicator 2",
		"OrderDescription": "OrderDescription 2",
		"SalesOrder": "SalesOrder 2",
		"SalesOrderItem": "SalesOrderItem 2",
		"SalesOrderScheduleLine": "SalesOrderScheduleLine 2",
		"SalesOrderIndicator": "SalesOrderIndicator 2",
		"SalesOrderDescription": "SalesOrderDescription 2",
		"Asset": "Asset 2",
		"AssetSubNumber": "AssetSubNumber 2",
		"AssetIndicator": "AssetIndicator 2",
		"AssetDescription": "AssetDescription 2",
		"ProfitCenter": "ProfitCenter 2",
		"ProfitCenterDescription": "ProfitCenterDescription 2"
	},
	"HdDeliveryAddress": {
		"Plant": "Plant 2",
		"PlantName": "PlantName 2",
		"CustomerId": "CustomerId 2",
		"CustomerName": "CustomerName 2",
		"AddressString": "AddressString 2"
	},
	"SAP__Origin": "SAP__Origin 2",
	"WorkitemID": "WorkitemID 2",
	"PrNumber": "PrNumber 2",
	"PrNumberFormatted": "PrNumberFormatted 2",
	"TaskType": "TaskType 2",
	"WiCreatedAt": "/Date(1496499075000)/",
	"ForwardedByID": "ForwardedByID 2",
	"ForwardedByName": "ForwardedByName 2",
	"SubstitutingForID": "SubstitutingForID 2",
	"SubstitutingForName": "SubstitutingForName 2",
	"CreatedByID": "CreatedByID 2",
	"CreatedByName": "CreatedByName 2",
	"Value": 9189.28,
	"Currency": "Currency 2",
	"DeliveryDate": "/Date(1037545875000)/",
	"DeliveryDateAlsoLater": "DeliveryDateAlsoLater 2",
	"SupplierID": "SupplierID 2",
	"SupplierName": "SupplierName 2",
	"NumberOfNotes": 602,
	"NumberOfAttachments": 2284,
	"NumberOfItems": 2275,
	"__metadata": {
		"uri": "HeaderDetailCollection(SAP__Origin='SAP__Origin 2',WorkitemID='WorkitemID 2')",
		"type": "GBAPP_PRAPPROVAL.HeaderDetail"
	},
	"HeaderItemDetails": {
		"__deferred": {
			"uri": "HeaderDetailCollection(SAP__Origin='SAP__Origin 2',WorkitemID='WorkitemID 2')/HeaderItemDetails"
		}
	},
	"Notes": {
		"__deferred": {
			"uri": "HeaderDetailCollection(SAP__Origin='SAP__Origin 2',WorkitemID='WorkitemID 2')/Notes"
		}
	},
	"Attachments": {
		"__deferred": {
			"uri": "HeaderDetailCollection(SAP__Origin='SAP__Origin 2',WorkitemID='WorkitemID 2')/Attachments"
		}
	}
}, {
	"HeaderAcc": {
		"AccountCategoryDescription": "AccountCategoryDescription 3",
		"AccountNumber": "AccountNumber 3",
		"AccountDescription": "AccountDescription 3",
		"GlAccountNumber": "GlAccountNumber 3",
		"GlAccountDescription": "GlAccountDescription 3",
		"CumulatedAccountingTypeCode": "CumulatedAccountingTypeCode 3",
		"CumulatedAccountingTypeCodeName": "CumulatedAccountingTypeCodeName 3",
		"CostCentre": "CostCentre 3",
		"CostCentreIndicator": "CostCentreIndicator 3",
		"CostCentreDescription": "CostCentreDescription 3",
		"WBSElement": "WBSElement 3",
		"WBSElementIndicator": "WBSElementIndicator 3",
		"WBSElementDescription": "WBSElementDescription 3",
		"Network": "Network 3",
		"NetworkIndicator": "NetworkIndicator 3",
		"NetworkDescription": "NetworkDescription 3",
		"Order": "Order 3",
		"OrderIndicator": "OrderIndicator 3",
		"OrderDescription": "OrderDescription 3",
		"SalesOrder": "SalesOrder 3",
		"SalesOrderItem": "SalesOrderItem 3",
		"SalesOrderScheduleLine": "SalesOrderScheduleLine 3",
		"SalesOrderIndicator": "SalesOrderIndicator 3",
		"SalesOrderDescription": "SalesOrderDescription 3",
		"Asset": "Asset 3",
		"AssetSubNumber": "AssetSubNumber 3",
		"AssetIndicator": "AssetIndicator 3",
		"AssetDescription": "AssetDescription 3",
		"ProfitCenter": "ProfitCenter 3",
		"ProfitCenterDescription": "ProfitCenterDescription 3"
	},
	"HdDeliveryAddress": {
		"Plant": "Plant 3",
		"PlantName": "PlantName 3",
		"CustomerId": "CustomerId 3",
		"CustomerName": "CustomerName 3",
		"AddressString": "AddressString 3"
	},
	"SAP__Origin": "SAP__Origin 3",
	"WorkitemID": "WorkitemID 3",
	"PrNumber": "PrNumber 3",
	"PrNumberFormatted": "PrNumberFormatted 3",
	"TaskType": "TaskType 3",
	"WiCreatedAt": "/Date(1433513475000)/",
	"ForwardedByID": "ForwardedByID 3",
	"ForwardedByName": "ForwardedByName 3",
	"SubstitutingForID": "SubstitutingForID 3",
	"SubstitutingForName": "SubstitutingForName 3",
	"CreatedByID": "CreatedByID 3",
	"CreatedByName": "CreatedByName 3",
	"Value": 2530.27,
	"Currency": "Currency 3",
	"DeliveryDate": "/Date(979485075000)/",
	"DeliveryDateAlsoLater": "DeliveryDateAlsoLater 3",
	"SupplierID": "SupplierID 3",
	"SupplierName": "SupplierName 3",
	"NumberOfNotes": 2757,
	"NumberOfAttachments": 8094,
	"NumberOfItems": 1525,
	"__metadata": {
		"uri": "HeaderDetailCollection(SAP__Origin='SAP__Origin 3',WorkitemID='WorkitemID 3')",
		"type": "GBAPP_PRAPPROVAL.HeaderDetail"
	},
	"HeaderItemDetails": {
		"__deferred": {
			"uri": "HeaderDetailCollection(SAP__Origin='SAP__Origin 3',WorkitemID='WorkitemID 3')/HeaderItemDetails"
		}
	},
	"Notes": {
		"__deferred": {
			"uri": "HeaderDetailCollection(SAP__Origin='SAP__Origin 3',WorkitemID='WorkitemID 3')/Notes"
		}
	},
	"Attachments": {
		"__deferred": {
			"uri": "HeaderDetailCollection(SAP__Origin='SAP__Origin 3',WorkitemID='WorkitemID 3')/Attachments"
		}
	}
}, {
	"HeaderAcc": {
		"AccountCategoryDescription": "AccountCategoryDescription 4",
		"AccountNumber": "AccountNumber 4",
		"AccountDescription": "AccountDescription 4",
		"GlAccountNumber": "GlAccountNumber 4",
		"GlAccountDescription": "GlAccountDescription 4",
		"CumulatedAccountingTypeCode": "CumulatedAccountingTypeCode 4",
		"CumulatedAccountingTypeCodeName": "CumulatedAccountingTypeCodeName 4",
		"CostCentre": "CostCentre 4",
		"CostCentreIndicator": "CostCentreIndicator 4",
		"CostCentreDescription": "CostCentreDescription 4",
		"WBSElement": "WBSElement 4",
		"WBSElementIndicator": "WBSElementIndicator 4",
		"WBSElementDescription": "WBSElementDescription 4",
		"Network": "Network 4",
		"NetworkIndicator": "NetworkIndicator 4",
		"NetworkDescription": "NetworkDescription 4",
		"Order": "Order 4",
		"OrderIndicator": "OrderIndicator 4",
		"OrderDescription": "OrderDescription 4",
		"SalesOrder": "SalesOrder 4",
		"SalesOrderItem": "SalesOrderItem 4",
		"SalesOrderScheduleLine": "SalesOrderScheduleLine 4",
		"SalesOrderIndicator": "SalesOrderIndicator 4",
		"SalesOrderDescription": "SalesOrderDescription 4",
		"Asset": "Asset 4",
		"AssetSubNumber": "AssetSubNumber 4",
		"AssetIndicator": "AssetIndicator 4",
		"AssetDescription": "AssetDescription 4",
		"ProfitCenter": "ProfitCenter 4",
		"ProfitCenterDescription": "ProfitCenterDescription 4"
	},
	"HdDeliveryAddress": {
		"Plant": "Plant 4",
		"PlantName": "PlantName 4",
		"CustomerId": "CustomerId 4",
		"CustomerName": "CustomerName 4",
		"AddressString": "AddressString 4"
	},
	"SAP__Origin": "SAP__Origin 4",
	"WorkitemID": "WorkitemID 4",
	"PrNumber": "PrNumber 4",
	"PrNumberFormatted": "PrNumberFormatted 4",
	"TaskType": "TaskType 4",
	"WiCreatedAt": "/Date(1108566675000)/",
	"ForwardedByID": "ForwardedByID 4",
	"ForwardedByName": "ForwardedByName 4",
	"SubstitutingForID": "SubstitutingForID 4",
	"SubstitutingForName": "SubstitutingForName 4",
	"CreatedByID": "CreatedByID 4",
	"CreatedByName": "CreatedByName 4",
	"Value": 2693.8,
	"Currency": "Currency 4",
	"DeliveryDate": "/Date(1519485075000)/",
	"DeliveryDateAlsoLater": "DeliveryDateAlsoLater 4",
	"SupplierID": "SupplierID 4",
	"SupplierName": "SupplierName 4",
	"NumberOfNotes": 9508,
	"NumberOfAttachments": 4317,
	"NumberOfItems": 3927,
	"__metadata": {
		"uri": "HeaderDetailCollection(SAP__Origin='SAP__Origin 4',WorkitemID='WorkitemID 4')",
		"type": "GBAPP_PRAPPROVAL.HeaderDetail"
	},
	"HeaderItemDetails": {
		"__deferred": {
			"uri": "HeaderDetailCollection(SAP__Origin='SAP__Origin 4',WorkitemID='WorkitemID 4')/HeaderItemDetails"
		}
	},
	"Notes": {
		"__deferred": {
			"uri": "HeaderDetailCollection(SAP__Origin='SAP__Origin 4',WorkitemID='WorkitemID 4')/Notes"
		}
	},
	"Attachments": {
		"__deferred": {
			"uri": "HeaderDetailCollection(SAP__Origin='SAP__Origin 4',WorkitemID='WorkitemID 4')/Attachments"
		}
	}
}, {
	"HeaderAcc": {
		"AccountCategoryDescription": "AccountCategoryDescription 5",
		"AccountNumber": "AccountNumber 5",
		"AccountDescription": "AccountDescription 5",
		"GlAccountNumber": "GlAccountNumber 5",
		"GlAccountDescription": "GlAccountDescription 5",
		"CumulatedAccountingTypeCode": "CumulatedAccountingTypeCode 5",
		"CumulatedAccountingTypeCodeName": "CumulatedAccountingTypeCodeName 5",
		"CostCentre": "CostCentre 5",
		"CostCentreIndicator": "CostCentreIndicator 5",
		"CostCentreDescription": "CostCentreDescription 5",
		"WBSElement": "WBSElement 5",
		"WBSElementIndicator": "WBSElementIndicator 5",
		"WBSElementDescription": "WBSElementDescription 5",
		"Network": "Network 5",
		"NetworkIndicator": "NetworkIndicator 5",
		"NetworkDescription": "NetworkDescription 5",
		"Order": "Order 5",
		"OrderIndicator": "OrderIndicator 5",
		"OrderDescription": "OrderDescription 5",
		"SalesOrder": "SalesOrder 5",
		"SalesOrderItem": "SalesOrderItem 5",
		"SalesOrderScheduleLine": "SalesOrderScheduleLine 5",
		"SalesOrderIndicator": "SalesOrderIndicator 5",
		"SalesOrderDescription": "SalesOrderDescription 5",
		"Asset": "Asset 5",
		"AssetSubNumber": "AssetSubNumber 5",
		"AssetIndicator": "AssetIndicator 5",
		"AssetDescription": "AssetDescription 5",
		"ProfitCenter": "ProfitCenter 5",
		"ProfitCenterDescription": "ProfitCenterDescription 5"
	},
	"HdDeliveryAddress": {
		"Plant": "Plant 5",
		"PlantName": "PlantName 5",
		"CustomerId": "CustomerId 5",
		"CustomerName": "CustomerName 5",
		"AddressString": "AddressString 5"
	},
	"SAP__Origin": "SAP__Origin 5",
	"WorkitemID": "WorkitemID 5",
	"PrNumber": "PrNumber 5",
	"PrNumberFormatted": "PrNumberFormatted 5",
	"TaskType": "TaskType 5",
	"WiCreatedAt": "/Date(1335449475000)/",
	"ForwardedByID": "ForwardedByID 5",
	"ForwardedByName": "ForwardedByName 5",
	"SubstitutingForID": "SubstitutingForID 5",
	"SubstitutingForName": "SubstitutingForName 5",
	"CreatedByID": "CreatedByID 5",
	"CreatedByName": "CreatedByName 5",
	"Value": 4128.43,
	"Currency": "Currency 5",
	"DeliveryDate": "/Date(1343398275000)/",
	"DeliveryDateAlsoLater": "DeliveryDateAlsoLater 5",
	"SupplierID": "SupplierID 5",
	"SupplierName": "SupplierName 5",
	"NumberOfNotes": 5715,
	"NumberOfAttachments": 6186,
	"NumberOfItems": 1838,
	"__metadata": {
		"uri": "HeaderDetailCollection(SAP__Origin='SAP__Origin 5',WorkitemID='WorkitemID 5')",
		"type": "GBAPP_PRAPPROVAL.HeaderDetail"
	},
	"HeaderItemDetails": {
		"__deferred": {
			"uri": "HeaderDetailCollection(SAP__Origin='SAP__Origin 5',WorkitemID='WorkitemID 5')/HeaderItemDetails"
		}
	},
	"Notes": {
		"__deferred": {
			"uri": "HeaderDetailCollection(SAP__Origin='SAP__Origin 5',WorkitemID='WorkitemID 5')/Notes"
		}
	},
	"Attachments": {
		"__deferred": {
			"uri": "HeaderDetailCollection(SAP__Origin='SAP__Origin 5',WorkitemID='WorkitemID 5')/Attachments"
		}
	}
}, {
	"HeaderAcc": {
		"AccountCategoryDescription": "AccountCategoryDescription 6",
		"AccountNumber": "AccountNumber 6",
		"AccountDescription": "AccountDescription 6",
		"GlAccountNumber": "GlAccountNumber 6",
		"GlAccountDescription": "GlAccountDescription 6",
		"CumulatedAccountingTypeCode": "CumulatedAccountingTypeCode 6",
		"CumulatedAccountingTypeCodeName": "CumulatedAccountingTypeCodeName 6",
		"CostCentre": "CostCentre 6",
		"CostCentreIndicator": "CostCentreIndicator 6",
		"CostCentreDescription": "CostCentreDescription 6",
		"WBSElement": "WBSElement 6",
		"WBSElementIndicator": "WBSElementIndicator 6",
		"WBSElementDescription": "WBSElementDescription 6",
		"Network": "Network 6",
		"NetworkIndicator": "NetworkIndicator 6",
		"NetworkDescription": "NetworkDescription 6",
		"Order": "Order 6",
		"OrderIndicator": "OrderIndicator 6",
		"OrderDescription": "OrderDescription 6",
		"SalesOrder": "SalesOrder 6",
		"SalesOrderItem": "SalesOrderItem 6",
		"SalesOrderScheduleLine": "SalesOrderScheduleLine 6",
		"SalesOrderIndicator": "SalesOrderIndicator 6",
		"SalesOrderDescription": "SalesOrderDescription 6",
		"Asset": "Asset 6",
		"AssetSubNumber": "AssetSubNumber 6",
		"AssetIndicator": "AssetIndicator 6",
		"AssetDescription": "AssetDescription 6",
		"ProfitCenter": "ProfitCenter 6",
		"ProfitCenterDescription": "ProfitCenterDescription 6"
	},
	"HdDeliveryAddress": {
		"Plant": "Plant 6",
		"PlantName": "PlantName 6",
		"CustomerId": "CustomerId 6",
		"CustomerName": "CustomerName 6",
		"AddressString": "AddressString 6"
	},
	"SAP__Origin": "SAP__Origin 6",
	"WorkitemID": "WorkitemID 6",
	"PrNumber": "PrNumber 6",
	"PrNumberFormatted": "PrNumberFormatted 6",
	"TaskType": "TaskType 6",
	"WiCreatedAt": "/Date(1141917075000)/",
	"ForwardedByID": "ForwardedByID 6",
	"ForwardedByName": "ForwardedByName 6",
	"SubstitutingForID": "SubstitutingForID 6",
	"SubstitutingForName": "SubstitutingForName 6",
	"CreatedByID": "CreatedByID 6",
	"CreatedByName": "CreatedByName 6",
	"Value": 2153.88,
	"Currency": "Currency 6",
	"DeliveryDate": "/Date(1166022675000)/",
	"DeliveryDateAlsoLater": "DeliveryDateAlsoLater 6",
	"SupplierID": "SupplierID 6",
	"SupplierName": "SupplierName 6",
	"NumberOfNotes": 6786,
	"NumberOfAttachments": 8679,
	"NumberOfItems": 7829,
	"__metadata": {
		"uri": "HeaderDetailCollection(SAP__Origin='SAP__Origin 6',WorkitemID='WorkitemID 6')",
		"type": "GBAPP_PRAPPROVAL.HeaderDetail"
	},
	"HeaderItemDetails": {
		"__deferred": {
			"uri": "HeaderDetailCollection(SAP__Origin='SAP__Origin 6',WorkitemID='WorkitemID 6')/HeaderItemDetails"
		}
	},
	"Notes": {
		"__deferred": {
			"uri": "HeaderDetailCollection(SAP__Origin='SAP__Origin 6',WorkitemID='WorkitemID 6')/Notes"
		}
	},
	"Attachments": {
		"__deferred": {
			"uri": "HeaderDetailCollection(SAP__Origin='SAP__Origin 6',WorkitemID='WorkitemID 6')/Attachments"
		}
	}
}, {
	"HeaderAcc": {
		"AccountCategoryDescription": "AccountCategoryDescription 7",
		"AccountNumber": "AccountNumber 7",
		"AccountDescription": "AccountDescription 7",
		"GlAccountNumber": "GlAccountNumber 7",
		"GlAccountDescription": "GlAccountDescription 7",
		"CumulatedAccountingTypeCode": "CumulatedAccountingTypeCode 7",
		"CumulatedAccountingTypeCodeName": "CumulatedAccountingTypeCodeName 7",
		"CostCentre": "CostCentre 7",
		"CostCentreIndicator": "CostCentreIndicator 7",
		"CostCentreDescription": "CostCentreDescription 7",
		"WBSElement": "WBSElement 7",
		"WBSElementIndicator": "WBSElementIndicator 7",
		"WBSElementDescription": "WBSElementDescription 7",
		"Network": "Network 7",
		"NetworkIndicator": "NetworkIndicator 7",
		"NetworkDescription": "NetworkDescription 7",
		"Order": "Order 7",
		"OrderIndicator": "OrderIndicator 7",
		"OrderDescription": "OrderDescription 7",
		"SalesOrder": "SalesOrder 7",
		"SalesOrderItem": "SalesOrderItem 7",
		"SalesOrderScheduleLine": "SalesOrderScheduleLine 7",
		"SalesOrderIndicator": "SalesOrderIndicator 7",
		"SalesOrderDescription": "SalesOrderDescription 7",
		"Asset": "Asset 7",
		"AssetSubNumber": "AssetSubNumber 7",
		"AssetIndicator": "AssetIndicator 7",
		"AssetDescription": "AssetDescription 7",
		"ProfitCenter": "ProfitCenter 7",
		"ProfitCenterDescription": "ProfitCenterDescription 7"
	},
	"HdDeliveryAddress": {
		"Plant": "Plant 7",
		"PlantName": "PlantName 7",
		"CustomerId": "CustomerId 7",
		"CustomerName": "CustomerName 7",
		"AddressString": "AddressString 7"
	},
	"SAP__Origin": "SAP__Origin 7",
	"WorkitemID": "WorkitemID 7",
	"PrNumber": "PrNumber 7",
	"PrNumberFormatted": "PrNumberFormatted 7",
	"TaskType": "TaskType 7",
	"WiCreatedAt": "/Date(1486307475000)/",
	"ForwardedByID": "ForwardedByID 7",
	"ForwardedByName": "ForwardedByName 7",
	"SubstitutingForID": "SubstitutingForID 7",
	"SubstitutingForName": "SubstitutingForName 7",
	"CreatedByID": "CreatedByID 7",
	"CreatedByName": "CreatedByName 7",
	"Value": 3116.32,
	"Currency": "Currency 7",
	"DeliveryDate": "/Date(1412172675000)/",
	"DeliveryDateAlsoLater": "DeliveryDateAlsoLater 7",
	"SupplierID": "SupplierID 7",
	"SupplierName": "SupplierName 7",
	"NumberOfNotes": 3990,
	"NumberOfAttachments": 4659,
	"NumberOfItems": 8762,
	"__metadata": {
		"uri": "HeaderDetailCollection(SAP__Origin='SAP__Origin 7',WorkitemID='WorkitemID 7')",
		"type": "GBAPP_PRAPPROVAL.HeaderDetail"
	},
	"HeaderItemDetails": {
		"__deferred": {
			"uri": "HeaderDetailCollection(SAP__Origin='SAP__Origin 7',WorkitemID='WorkitemID 7')/HeaderItemDetails"
		}
	},
	"Notes": {
		"__deferred": {
			"uri": "HeaderDetailCollection(SAP__Origin='SAP__Origin 7',WorkitemID='WorkitemID 7')/Notes"
		}
	},
	"Attachments": {
		"__deferred": {
			"uri": "HeaderDetailCollection(SAP__Origin='SAP__Origin 7',WorkitemID='WorkitemID 7')/Attachments"
		}
	}
}, {
	"HeaderAcc": {
		"AccountCategoryDescription": "AccountCategoryDescription 8",
		"AccountNumber": "AccountNumber 8",
		"AccountDescription": "AccountDescription 8",
		"GlAccountNumber": "GlAccountNumber 8",
		"GlAccountDescription": "GlAccountDescription 8",
		"CumulatedAccountingTypeCode": "CumulatedAccountingTypeCode 8",
		"CumulatedAccountingTypeCodeName": "CumulatedAccountingTypeCodeName 8",
		"CostCentre": "CostCentre 8",
		"CostCentreIndicator": "CostCentreIndicator 8",
		"CostCentreDescription": "CostCentreDescription 8",
		"WBSElement": "WBSElement 8",
		"WBSElementIndicator": "WBSElementIndicator 8",
		"WBSElementDescription": "WBSElementDescription 8",
		"Network": "Network 8",
		"NetworkIndicator": "NetworkIndicator 8",
		"NetworkDescription": "NetworkDescription 8",
		"Order": "Order 8",
		"OrderIndicator": "OrderIndicator 8",
		"OrderDescription": "OrderDescription 8",
		"SalesOrder": "SalesOrder 8",
		"SalesOrderItem": "SalesOrderItem 8",
		"SalesOrderScheduleLine": "SalesOrderScheduleLine 8",
		"SalesOrderIndicator": "SalesOrderIndicator 8",
		"SalesOrderDescription": "SalesOrderDescription 8",
		"Asset": "Asset 8",
		"AssetSubNumber": "AssetSubNumber 8",
		"AssetIndicator": "AssetIndicator 8",
		"AssetDescription": "AssetDescription 8",
		"ProfitCenter": "ProfitCenter 8",
		"ProfitCenterDescription": "ProfitCenterDescription 8"
	},
	"HdDeliveryAddress": {
		"Plant": "Plant 8",
		"PlantName": "PlantName 8",
		"CustomerId": "CustomerId 8",
		"CustomerName": "CustomerName 8",
		"AddressString": "AddressString 8"
	},
	"SAP__Origin": "SAP__Origin 8",
	"WorkitemID": "WorkitemID 8",
	"PrNumber": "PrNumber 8",
	"PrNumberFormatted": "PrNumberFormatted 8",
	"TaskType": "TaskType 8",
	"WiCreatedAt": "/Date(1232291475000)/",
	"ForwardedByID": "ForwardedByID 8",
	"ForwardedByName": "ForwardedByName 8",
	"SubstitutingForID": "SubstitutingForID 8",
	"SubstitutingForName": "SubstitutingForName 8",
	"CreatedByID": "CreatedByID 8",
	"CreatedByName": "CreatedByName 8",
	"Value": 2090.4,
	"Currency": "Currency 8",
	"DeliveryDate": "/Date(1474812675000)/",
	"DeliveryDateAlsoLater": "DeliveryDateAlsoLater 8",
	"SupplierID": "SupplierID 8",
	"SupplierName": "SupplierName 8",
	"NumberOfNotes": 2728,
	"NumberOfAttachments": 8223,
	"NumberOfItems": 4500,
	"__metadata": {
		"uri": "HeaderDetailCollection(SAP__Origin='SAP__Origin 8',WorkitemID='WorkitemID 8')",
		"type": "GBAPP_PRAPPROVAL.HeaderDetail"
	},
	"HeaderItemDetails": {
		"__deferred": {
			"uri": "HeaderDetailCollection(SAP__Origin='SAP__Origin 8',WorkitemID='WorkitemID 8')/HeaderItemDetails"
		}
	},
	"Notes": {
		"__deferred": {
			"uri": "HeaderDetailCollection(SAP__Origin='SAP__Origin 8',WorkitemID='WorkitemID 8')/Notes"
		}
	},
	"Attachments": {
		"__deferred": {
			"uri": "HeaderDetailCollection(SAP__Origin='SAP__Origin 8',WorkitemID='WorkitemID 8')/Attachments"
		}
	}
}, {
	"HeaderAcc": {
		"AccountCategoryDescription": "AccountCategoryDescription 9",
		"AccountNumber": "AccountNumber 9",
		"AccountDescription": "AccountDescription 9",
		"GlAccountNumber": "GlAccountNumber 9",
		"GlAccountDescription": "GlAccountDescription 9",
		"CumulatedAccountingTypeCode": "CumulatedAccountingTypeCode 9",
		"CumulatedAccountingTypeCodeName": "CumulatedAccountingTypeCodeName 9",
		"CostCentre": "CostCentre 9",
		"CostCentreIndicator": "CostCentreIndicator 9",
		"CostCentreDescription": "CostCentreDescription 9",
		"WBSElement": "WBSElement 9",
		"WBSElementIndicator": "WBSElementIndicator 9",
		"WBSElementDescription": "WBSElementDescription 9",
		"Network": "Network 9",
		"NetworkIndicator": "NetworkIndicator 9",
		"NetworkDescription": "NetworkDescription 9",
		"Order": "Order 9",
		"OrderIndicator": "OrderIndicator 9",
		"OrderDescription": "OrderDescription 9",
		"SalesOrder": "SalesOrder 9",
		"SalesOrderItem": "SalesOrderItem 9",
		"SalesOrderScheduleLine": "SalesOrderScheduleLine 9",
		"SalesOrderIndicator": "SalesOrderIndicator 9",
		"SalesOrderDescription": "SalesOrderDescription 9",
		"Asset": "Asset 9",
		"AssetSubNumber": "AssetSubNumber 9",
		"AssetIndicator": "AssetIndicator 9",
		"AssetDescription": "AssetDescription 9",
		"ProfitCenter": "ProfitCenter 9",
		"ProfitCenterDescription": "ProfitCenterDescription 9"
	},
	"HdDeliveryAddress": {
		"Plant": "Plant 9",
		"PlantName": "PlantName 9",
		"CustomerId": "CustomerId 9",
		"CustomerName": "CustomerName 9",
		"AddressString": "AddressString 9"
	},
	"SAP__Origin": "SAP__Origin 9",
	"WorkitemID": "WorkitemID 9",
	"PrNumber": "PrNumber 9",
	"PrNumberFormatted": "PrNumberFormatted 9",
	"TaskType": "TaskType 9",
	"WiCreatedAt": "/Date(1141744275000)/",
	"ForwardedByID": "ForwardedByID 9",
	"ForwardedByName": "ForwardedByName 9",
	"SubstitutingForID": "SubstitutingForID 9",
	"SubstitutingForName": "SubstitutingForName 9",
	"CreatedByID": "CreatedByID 9",
	"CreatedByName": "CreatedByName 9",
	"Value": 5535.32,
	"Currency": "Currency 9",
	"DeliveryDate": "/Date(1061907075000)/",
	"DeliveryDateAlsoLater": "DeliveryDateAlsoLater 9",
	"SupplierID": "SupplierID 9",
	"SupplierName": "SupplierName 9",
	"NumberOfNotes": 9288,
	"NumberOfAttachments": 7553,
	"NumberOfItems": 3212,
	"__metadata": {
		"uri": "HeaderDetailCollection(SAP__Origin='SAP__Origin 9',WorkitemID='WorkitemID 9')",
		"type": "GBAPP_PRAPPROVAL.HeaderDetail"
	},
	"HeaderItemDetails": {
		"__deferred": {
			"uri": "HeaderDetailCollection(SAP__Origin='SAP__Origin 9',WorkitemID='WorkitemID 9')/HeaderItemDetails"
		}
	},
	"Notes": {
		"__deferred": {
			"uri": "HeaderDetailCollection(SAP__Origin='SAP__Origin 9',WorkitemID='WorkitemID 9')/Notes"
		}
	},
	"Attachments": {
		"__deferred": {
			"uri": "HeaderDetailCollection(SAP__Origin='SAP__Origin 9',WorkitemID='WorkitemID 9')/Attachments"
		}
	}
}, {
	"HeaderAcc": {
		"AccountCategoryDescription": "AccountCategoryDescription 10",
		"AccountNumber": "AccountNumber 10",
		"AccountDescription": "AccountDescription 10",
		"GlAccountNumber": "GlAccountNumber 10",
		"GlAccountDescription": "GlAccountDescription 10",
		"CumulatedAccountingTypeCode": "CumulatedAccountingTypeCode 10",
		"CumulatedAccountingTypeCodeName": "CumulatedAccountingTypeCodeName 10",
		"CostCentre": "CostCentre 10",
		"CostCentreIndicator": "CostCentreIndicator 10",
		"CostCentreDescription": "CostCentreDescription 10",
		"WBSElement": "WBSElement 10",
		"WBSElementIndicator": "WBSElementIndicator 10",
		"WBSElementDescription": "WBSElementDescription 10",
		"Network": "Network 10",
		"NetworkIndicator": "NetworkIndicator 10",
		"NetworkDescription": "NetworkDescription 10",
		"Order": "Order 10",
		"OrderIndicator": "OrderIndicator 10",
		"OrderDescription": "OrderDescription 10",
		"SalesOrder": "SalesOrder 10",
		"SalesOrderItem": "SalesOrderItem 10",
		"SalesOrderScheduleLine": "SalesOrderScheduleLine 10",
		"SalesOrderIndicator": "SalesOrderIndicator 10",
		"SalesOrderDescription": "SalesOrderDescription 10",
		"Asset": "Asset 10",
		"AssetSubNumber": "AssetSubNumber 10",
		"AssetIndicator": "AssetIndicator 10",
		"AssetDescription": "AssetDescription 10",
		"ProfitCenter": "ProfitCenter 10",
		"ProfitCenterDescription": "ProfitCenterDescription 10"
	},
	"HdDeliveryAddress": {
		"Plant": "Plant 10",
		"PlantName": "PlantName 10",
		"CustomerId": "CustomerId 10",
		"CustomerName": "CustomerName 10",
		"AddressString": "AddressString 10"
	},
	"SAP__Origin": "SAP__Origin 10",
	"WorkitemID": "WorkitemID 10",
	"PrNumber": "PrNumber 10",
	"PrNumberFormatted": "PrNumberFormatted 10",
	"TaskType": "TaskType 10",
	"WiCreatedAt": "/Date(1522764675000)/",
	"ForwardedByID": "ForwardedByID 10",
	"ForwardedByName": "ForwardedByName 10",
	"SubstitutingForID": "SubstitutingForID 10",
	"SubstitutingForName": "SubstitutingForName 10",
	"CreatedByID": "CreatedByID 10",
	"CreatedByName": "CreatedByName 10",
	"Value": 8410.91,
	"Currency": "Currency 10",
	"DeliveryDate": "/Date(1418915475000)/",
	"DeliveryDateAlsoLater": "DeliveryDateAlsoLater 10",
	"SupplierID": "SupplierID 10",
	"SupplierName": "SupplierName 10",
	"NumberOfNotes": 9482,
	"NumberOfAttachments": 3435,
	"NumberOfItems": 2217,
	"__metadata": {
		"uri": "HeaderDetailCollection(SAP__Origin='SAP__Origin 10',WorkitemID='WorkitemID 10')",
		"type": "GBAPP_PRAPPROVAL.HeaderDetail"
	},
	"HeaderItemDetails": {
		"__deferred": {
			"uri": "HeaderDetailCollection(SAP__Origin='SAP__Origin 10',WorkitemID='WorkitemID 10')/HeaderItemDetails"
		}
	},
	"Notes": {
		"__deferred": {
			"uri": "HeaderDetailCollection(SAP__Origin='SAP__Origin 10',WorkitemID='WorkitemID 10')/Notes"
		}
	},
	"Attachments": {
		"__deferred": {
			"uri": "HeaderDetailCollection(SAP__Origin='SAP__Origin 10',WorkitemID='WorkitemID 10')/Attachments"
		}
	}
}]