[{
	"ProductDetails": {
		"ItemType": "ItemType 1",
		"MaterialID": "MaterialID 1",
		"MaterialGroupDescription": "MaterialGroupDescription 1",
		"MaterialGroup": "MaterialGroup 1"
	},
	"DeliveryAddress": {
		"Plant": "Plant 1",
		"PlantName": "PlantName 1",
		"CustomerId": "CustomerId 1",
		"CustomerName": "CustomerName 1",
		"AddressString": "AddressString 1"
	},
	"SAP__Origin": "SAP__Origin 1",
	"WorkitemID": "WorkitemID 1",
	"PrNumber": "PrNumber 1",
	"ItemNumber": "ItemNumber 1",
	"PrNumberFormatted": "PrNumberFormatted 1",
	"ItemNumberFormatted": "ItemNumberFormatted 1",
	"ItemCategory": "ItemCategory 1",
	"ItemCategoryDescription": "ItemCategoryDescription 1",
	"Description": "Description 1",
	"TaskType": "TaskType 1",
	"WiCreatedAt": "/Date(1117289504000)/",
	"ForwardedByID": "ForwardedByID 1",
	"ForwardedByName": "ForwardedByName 1",
	"SubstitutingForID": "SubstitutingForID 1",
	"SubstitutingForName": "SubstitutingForName 1",
	"Unit": "Unit 1",
	"UnitDescription": "UnitDescription 1",
	"Quantity": "Quantity 1",
	"Value": 4302.78,
	"Currency": "Currency 1",
	"PricePerUnit": 8246.55,
	"CurrencyForPPU": "CurrencyForPPU 1",
	"QuantityForPPU": "QuantityForPPU 1",
	"UnitforPPU": "UnitforPPU 1",
	"UnitforPPUDescription": "UnitforPPUDescription 1",
	"CreatedByID": "CreatedByID 1",
	"CreatedByName": "CreatedByName 1",
	"DeliveryDate": "/Date(1246025504000)/",
	"DeliveryDateAlsoLater": "DeliveryDateAlsoLater 1",
	"NumberOfNotes": 2192,
	"NumberOfAttachments": 960,
	"NumberServiceLines": 6402,
	"SupplierID": "SupplierID 1",
	"SupplierName": "SupplierName 1",
	"__metadata": {
		"uri": "ItemDetailCollection(SAP__Origin='SAP__Origin 1',WorkitemID='WorkitemID 1')",
		"type": "GBAPP_PRAPPROVAL.ItemDetail"
	},
	"ServiceLines": {
		"__deferred": {
			"uri": "ItemDetailCollection(SAP__Origin='SAP__Origin 1',WorkitemID='WorkitemID 1')/ServiceLines"
		}
	},
	"Limits": {
		"__deferred": {
			"uri": "ItemDetailCollection(SAP__Origin='SAP__Origin 1',WorkitemID='WorkitemID 1')/Limits"
		}
	},
	"Accountings": {
		"__deferred": {
			"uri": "ItemDetailCollection(SAP__Origin='SAP__Origin 1',WorkitemID='WorkitemID 1')/Accountings"
		}
	},
	"Notes": {
		"__deferred": {
			"uri": "ItemDetailCollection(SAP__Origin='SAP__Origin 1',WorkitemID='WorkitemID 1')/Notes"
		}
	},
	"Attachments": {
		"__deferred": {
			"uri": "ItemDetailCollection(SAP__Origin='SAP__Origin 1',WorkitemID='WorkitemID 1')/Attachments"
		}
	},
	"Components": {
		"__deferred": {
			"uri": "ItemDetailCollection(SAP__Origin='SAP__Origin 1',WorkitemID='WorkitemID 1')/Components"
		}
	}
}, {
	"ProductDetails": {
		"ItemType": "ItemType 2",
		"MaterialID": "MaterialID 2",
		"MaterialGroupDescription": "MaterialGroupDescription 2",
		"MaterialGroup": "MaterialGroup 2"
	},
	"DeliveryAddress": {
		"Plant": "Plant 2",
		"PlantName": "PlantName 2",
		"CustomerId": "CustomerId 2",
		"CustomerName": "CustomerName 2",
		"AddressString": "AddressString 2"
	},
	"SAP__Origin": "SAP__Origin 2",
	"WorkitemID": "WorkitemID 2",
	"PrNumber": "PrNumber 2",
	"ItemNumber": "ItemNumber 2",
	"PrNumberFormatted": "PrNumberFormatted 2",
	"ItemNumberFormatted": "ItemNumberFormatted 2",
	"ItemCategory": "ItemCategory 2",
	"ItemCategoryDescription": "ItemCategoryDescription 2",
	"Description": "Description 2",
	"TaskType": "TaskType 2",
	"WiCreatedAt": "/Date(1146665504000)/",
	"ForwardedByID": "ForwardedByID 2",
	"ForwardedByName": "ForwardedByName 2",
	"SubstitutingForID": "SubstitutingForID 2",
	"SubstitutingForName": "SubstitutingForName 2",
	"Unit": "Unit 2",
	"UnitDescription": "UnitDescription 2",
	"Quantity": "Quantity 2",
	"Value": 7383.94,
	"Currency": "Currency 2",
	"PricePerUnit": 2303.35,
	"CurrencyForPPU": "CurrencyForPPU 2",
	"QuantityForPPU": "QuantityForPPU 2",
	"UnitforPPU": "UnitforPPU 2",
	"UnitforPPUDescription": "UnitforPPUDescription 2",
	"CreatedByID": "CreatedByID 2",
	"CreatedByName": "CreatedByName 2",
	"DeliveryDate": "/Date(1002550304000)/",
	"DeliveryDateAlsoLater": "DeliveryDateAlsoLater 2",
	"NumberOfNotes": 4228,
	"NumberOfAttachments": 9645,
	"NumberServiceLines": 5721,
	"SupplierID": "SupplierID 2",
	"SupplierName": "SupplierName 2",
	"__metadata": {
		"uri": "ItemDetailCollection(SAP__Origin='SAP__Origin 2',WorkitemID='WorkitemID 2')",
		"type": "GBAPP_PRAPPROVAL.ItemDetail"
	},
	"ServiceLines": {
		"__deferred": {
			"uri": "ItemDetailCollection(SAP__Origin='SAP__Origin 2',WorkitemID='WorkitemID 2')/ServiceLines"
		}
	},
	"Limits": {
		"__deferred": {
			"uri": "ItemDetailCollection(SAP__Origin='SAP__Origin 2',WorkitemID='WorkitemID 2')/Limits"
		}
	},
	"Accountings": {
		"__deferred": {
			"uri": "ItemDetailCollection(SAP__Origin='SAP__Origin 2',WorkitemID='WorkitemID 2')/Accountings"
		}
	},
	"Notes": {
		"__deferred": {
			"uri": "ItemDetailCollection(SAP__Origin='SAP__Origin 2',WorkitemID='WorkitemID 2')/Notes"
		}
	},
	"Attachments": {
		"__deferred": {
			"uri": "ItemDetailCollection(SAP__Origin='SAP__Origin 2',WorkitemID='WorkitemID 2')/Attachments"
		}
	},
	"Components": {
		"__deferred": {
			"uri": "ItemDetailCollection(SAP__Origin='SAP__Origin 2',WorkitemID='WorkitemID 2')/Components"
		}
	}
}, {
	"ProductDetails": {
		"ItemType": "ItemType 3",
		"MaterialID": "MaterialID 3",
		"MaterialGroupDescription": "MaterialGroupDescription 3",
		"MaterialGroup": "MaterialGroup 3"
	},
	"DeliveryAddress": {
		"Plant": "Plant 3",
		"PlantName": "PlantName 3",
		"CustomerId": "CustomerId 3",
		"CustomerName": "CustomerName 3",
		"AddressString": "AddressString 3"
	},
	"SAP__Origin": "SAP__Origin 3",
	"WorkitemID": "WorkitemID 3",
	"PrNumber": "PrNumber 3",
	"ItemNumber": "ItemNumber 3",
	"PrNumberFormatted": "PrNumberFormatted 3",
	"ItemNumberFormatted": "ItemNumberFormatted 3",
	"ItemCategory": "ItemCategory 3",
	"ItemCategoryDescription": "ItemCategoryDescription 3",
	"Description": "Description 3",
	"TaskType": "TaskType 3",
	"WiCreatedAt": "/Date(1116684704000)/",
	"ForwardedByID": "ForwardedByID 3",
	"ForwardedByName": "ForwardedByName 3",
	"SubstitutingForID": "SubstitutingForID 3",
	"SubstitutingForName": "SubstitutingForName 3",
	"Unit": "Unit 3",
	"UnitDescription": "UnitDescription 3",
	"Quantity": "Quantity 3",
	"Value": 4499.75,
	"Currency": "Currency 3",
	"PricePerUnit": 9924.77,
	"CurrencyForPPU": "CurrencyForPPU 3",
	"QuantityForPPU": "QuantityForPPU 3",
	"UnitforPPU": "UnitforPPU 3",
	"UnitforPPUDescription": "UnitforPPUDescription 3",
	"CreatedByID": "CreatedByID 3",
	"CreatedByName": "CreatedByName 3",
	"DeliveryDate": "/Date(1248790304000)/",
	"DeliveryDateAlsoLater": "DeliveryDateAlsoLater 3",
	"NumberOfNotes": 4635,
	"NumberOfAttachments": 3560,
	"NumberServiceLines": 2337,
	"SupplierID": "SupplierID 3",
	"SupplierName": "SupplierName 3",
	"__metadata": {
		"uri": "ItemDetailCollection(SAP__Origin='SAP__Origin 3',WorkitemID='WorkitemID 3')",
		"type": "GBAPP_PRAPPROVAL.ItemDetail"
	},
	"ServiceLines": {
		"__deferred": {
			"uri": "ItemDetailCollection(SAP__Origin='SAP__Origin 3',WorkitemID='WorkitemID 3')/ServiceLines"
		}
	},
	"Limits": {
		"__deferred": {
			"uri": "ItemDetailCollection(SAP__Origin='SAP__Origin 3',WorkitemID='WorkitemID 3')/Limits"
		}
	},
	"Accountings": {
		"__deferred": {
			"uri": "ItemDetailCollection(SAP__Origin='SAP__Origin 3',WorkitemID='WorkitemID 3')/Accountings"
		}
	},
	"Notes": {
		"__deferred": {
			"uri": "ItemDetailCollection(SAP__Origin='SAP__Origin 3',WorkitemID='WorkitemID 3')/Notes"
		}
	},
	"Attachments": {
		"__deferred": {
			"uri": "ItemDetailCollection(SAP__Origin='SAP__Origin 3',WorkitemID='WorkitemID 3')/Attachments"
		}
	},
	"Components": {
		"__deferred": {
			"uri": "ItemDetailCollection(SAP__Origin='SAP__Origin 3',WorkitemID='WorkitemID 3')/Components"
		}
	}
}, {
	"ProductDetails": {
		"ItemType": "ItemType 4",
		"MaterialID": "MaterialID 4",
		"MaterialGroupDescription": "MaterialGroupDescription 4",
		"MaterialGroup": "MaterialGroup 4"
	},
	"DeliveryAddress": {
		"Plant": "Plant 4",
		"PlantName": "PlantName 4",
		"CustomerId": "CustomerId 4",
		"CustomerName": "CustomerName 4",
		"AddressString": "AddressString 4"
	},
	"SAP__Origin": "SAP__Origin 4",
	"WorkitemID": "WorkitemID 4",
	"PrNumber": "PrNumber 4",
	"ItemNumber": "ItemNumber 4",
	"PrNumberFormatted": "PrNumberFormatted 4",
	"ItemNumberFormatted": "ItemNumberFormatted 4",
	"ItemCategory": "ItemCategory 4",
	"ItemCategoryDescription": "ItemCategoryDescription 4",
	"Description": "Description 4",
	"TaskType": "TaskType 4",
	"WiCreatedAt": "/Date(948121904000)/",
	"ForwardedByID": "ForwardedByID 4",
	"ForwardedByName": "ForwardedByName 4",
	"SubstitutingForID": "SubstitutingForID 4",
	"SubstitutingForName": "SubstitutingForName 4",
	"Unit": "Unit 4",
	"UnitDescription": "UnitDescription 4",
	"Quantity": "Quantity 4",
	"Value": 2562.76,
	"Currency": "Currency 4",
	"PricePerUnit": 5824.15,
	"CurrencyForPPU": "CurrencyForPPU 4",
	"QuantityForPPU": "QuantityForPPU 4",
	"UnitforPPU": "UnitforPPU 4",
	"UnitforPPUDescription": "UnitforPPUDescription 4",
	"CreatedByID": "CreatedByID 4",
	"CreatedByName": "CreatedByName 4",
	"DeliveryDate": "/Date(1567951904000)/",
	"DeliveryDateAlsoLater": "DeliveryDateAlsoLater 4",
	"NumberOfNotes": 4886,
	"NumberOfAttachments": 2361,
	"NumberServiceLines": 8291,
	"SupplierID": "SupplierID 4",
	"SupplierName": "SupplierName 4",
	"__metadata": {
		"uri": "ItemDetailCollection(SAP__Origin='SAP__Origin 4',WorkitemID='WorkitemID 4')",
		"type": "GBAPP_PRAPPROVAL.ItemDetail"
	},
	"ServiceLines": {
		"__deferred": {
			"uri": "ItemDetailCollection(SAP__Origin='SAP__Origin 4',WorkitemID='WorkitemID 4')/ServiceLines"
		}
	},
	"Limits": {
		"__deferred": {
			"uri": "ItemDetailCollection(SAP__Origin='SAP__Origin 4',WorkitemID='WorkitemID 4')/Limits"
		}
	},
	"Accountings": {
		"__deferred": {
			"uri": "ItemDetailCollection(SAP__Origin='SAP__Origin 4',WorkitemID='WorkitemID 4')/Accountings"
		}
	},
	"Notes": {
		"__deferred": {
			"uri": "ItemDetailCollection(SAP__Origin='SAP__Origin 4',WorkitemID='WorkitemID 4')/Notes"
		}
	},
	"Attachments": {
		"__deferred": {
			"uri": "ItemDetailCollection(SAP__Origin='SAP__Origin 4',WorkitemID='WorkitemID 4')/Attachments"
		}
	},
	"Components": {
		"__deferred": {
			"uri": "ItemDetailCollection(SAP__Origin='SAP__Origin 4',WorkitemID='WorkitemID 4')/Components"
		}
	}
}, {
	"ProductDetails": {
		"ItemType": "ItemType 5",
		"MaterialID": "MaterialID 5",
		"MaterialGroupDescription": "MaterialGroupDescription 5",
		"MaterialGroup": "MaterialGroup 5"
	},
	"DeliveryAddress": {
		"Plant": "Plant 5",
		"PlantName": "PlantName 5",
		"CustomerId": "CustomerId 5",
		"CustomerName": "CustomerName 5",
		"AddressString": "AddressString 5"
	},
	"SAP__Origin": "SAP__Origin 5",
	"WorkitemID": "WorkitemID 5",
	"PrNumber": "PrNumber 5",
	"ItemNumber": "ItemNumber 5",
	"PrNumberFormatted": "PrNumberFormatted 5",
	"ItemNumberFormatted": "ItemNumberFormatted 5",
	"ItemCategory": "ItemCategory 5",
	"ItemCategoryDescription": "ItemCategoryDescription 5",
	"Description": "Description 5",
	"TaskType": "TaskType 5",
	"WiCreatedAt": "/Date(1144332704000)/",
	"ForwardedByID": "ForwardedByID 5",
	"ForwardedByName": "ForwardedByName 5",
	"SubstitutingForID": "SubstitutingForID 5",
	"SubstitutingForName": "SubstitutingForName 5",
	"Unit": "Unit 5",
	"UnitDescription": "UnitDescription 5",
	"Quantity": "Quantity 5",
	"Value": 6004.72,
	"Currency": "Currency 5",
	"PricePerUnit": 4429.18,
	"CurrencyForPPU": "CurrencyForPPU 5",
	"QuantityForPPU": "QuantityForPPU 5",
	"UnitforPPU": "UnitforPPU 5",
	"UnitforPPUDescription": "UnitforPPUDescription 5",
	"CreatedByID": "CreatedByID 5",
	"CreatedByName": "CreatedByName 5",
	"DeliveryDate": "/Date(1549638704000)/",
	"DeliveryDateAlsoLater": "DeliveryDateAlsoLater 5",
	"NumberOfNotes": 4450,
	"NumberOfAttachments": 717,
	"NumberServiceLines": 7177,
	"SupplierID": "SupplierID 5",
	"SupplierName": "SupplierName 5",
	"__metadata": {
		"uri": "ItemDetailCollection(SAP__Origin='SAP__Origin 5',WorkitemID='WorkitemID 5')",
		"type": "GBAPP_PRAPPROVAL.ItemDetail"
	},
	"ServiceLines": {
		"__deferred": {
			"uri": "ItemDetailCollection(SAP__Origin='SAP__Origin 5',WorkitemID='WorkitemID 5')/ServiceLines"
		}
	},
	"Limits": {
		"__deferred": {
			"uri": "ItemDetailCollection(SAP__Origin='SAP__Origin 5',WorkitemID='WorkitemID 5')/Limits"
		}
	},
	"Accountings": {
		"__deferred": {
			"uri": "ItemDetailCollection(SAP__Origin='SAP__Origin 5',WorkitemID='WorkitemID 5')/Accountings"
		}
	},
	"Notes": {
		"__deferred": {
			"uri": "ItemDetailCollection(SAP__Origin='SAP__Origin 5',WorkitemID='WorkitemID 5')/Notes"
		}
	},
	"Attachments": {
		"__deferred": {
			"uri": "ItemDetailCollection(SAP__Origin='SAP__Origin 5',WorkitemID='WorkitemID 5')/Attachments"
		}
	},
	"Components": {
		"__deferred": {
			"uri": "ItemDetailCollection(SAP__Origin='SAP__Origin 5',WorkitemID='WorkitemID 5')/Components"
		}
	}
}, {
	"ProductDetails": {
		"ItemType": "ItemType 6",
		"MaterialID": "MaterialID 6",
		"MaterialGroupDescription": "MaterialGroupDescription 6",
		"MaterialGroup": "MaterialGroup 6"
	},
	"DeliveryAddress": {
		"Plant": "Plant 6",
		"PlantName": "PlantName 6",
		"CustomerId": "CustomerId 6",
		"CustomerName": "CustomerName 6",
		"AddressString": "AddressString 6"
	},
	"SAP__Origin": "SAP__Origin 6",
	"WorkitemID": "WorkitemID 6",
	"PrNumber": "PrNumber 6",
	"ItemNumber": "ItemNumber 6",
	"PrNumberFormatted": "PrNumberFormatted 6",
	"ItemNumberFormatted": "ItemNumberFormatted 6",
	"ItemCategory": "ItemCategory 6",
	"ItemCategoryDescription": "ItemCategoryDescription 6",
	"Description": "Description 6",
	"TaskType": "TaskType 6",
	"WiCreatedAt": "/Date(1197990704000)/",
	"ForwardedByID": "ForwardedByID 6",
	"ForwardedByName": "ForwardedByName 6",
	"SubstitutingForID": "SubstitutingForID 6",
	"SubstitutingForName": "SubstitutingForName 6",
	"Unit": "Unit 6",
	"UnitDescription": "UnitDescription 6",
	"Quantity": "Quantity 6",
	"Value": 321.39,
	"Currency": "Currency 6",
	"PricePerUnit": 6544.04,
	"CurrencyForPPU": "CurrencyForPPU 6",
	"QuantityForPPU": "QuantityForPPU 6",
	"UnitforPPU": "UnitforPPU 6",
	"UnitforPPUDescription": "UnitforPPUDescription 6",
	"CreatedByID": "CreatedByID 6",
	"CreatedByName": "CreatedByName 6",
	"DeliveryDate": "/Date(1521987104000)/",
	"DeliveryDateAlsoLater": "DeliveryDateAlsoLater 6",
	"NumberOfNotes": 3073,
	"NumberOfAttachments": 6192,
	"NumberServiceLines": 5655,
	"SupplierID": "SupplierID 6",
	"SupplierName": "SupplierName 6",
	"__metadata": {
		"uri": "ItemDetailCollection(SAP__Origin='SAP__Origin 6',WorkitemID='WorkitemID 6')",
		"type": "GBAPP_PRAPPROVAL.ItemDetail"
	},
	"ServiceLines": {
		"__deferred": {
			"uri": "ItemDetailCollection(SAP__Origin='SAP__Origin 6',WorkitemID='WorkitemID 6')/ServiceLines"
		}
	},
	"Limits": {
		"__deferred": {
			"uri": "ItemDetailCollection(SAP__Origin='SAP__Origin 6',WorkitemID='WorkitemID 6')/Limits"
		}
	},
	"Accountings": {
		"__deferred": {
			"uri": "ItemDetailCollection(SAP__Origin='SAP__Origin 6',WorkitemID='WorkitemID 6')/Accountings"
		}
	},
	"Notes": {
		"__deferred": {
			"uri": "ItemDetailCollection(SAP__Origin='SAP__Origin 6',WorkitemID='WorkitemID 6')/Notes"
		}
	},
	"Attachments": {
		"__deferred": {
			"uri": "ItemDetailCollection(SAP__Origin='SAP__Origin 6',WorkitemID='WorkitemID 6')/Attachments"
		}
	},
	"Components": {
		"__deferred": {
			"uri": "ItemDetailCollection(SAP__Origin='SAP__Origin 6',WorkitemID='WorkitemID 6')/Components"
		}
	}
}, {
	"ProductDetails": {
		"ItemType": "ItemType 7",
		"MaterialID": "MaterialID 7",
		"MaterialGroupDescription": "MaterialGroupDescription 7",
		"MaterialGroup": "MaterialGroup 7"
	},
	"DeliveryAddress": {
		"Plant": "Plant 7",
		"PlantName": "PlantName 7",
		"CustomerId": "CustomerId 7",
		"CustomerName": "CustomerName 7",
		"AddressString": "AddressString 7"
	},
	"SAP__Origin": "SAP__Origin 7",
	"WorkitemID": "WorkitemID 7",
	"PrNumber": "PrNumber 7",
	"ItemNumber": "ItemNumber 7",
	"PrNumberFormatted": "PrNumberFormatted 7",
	"ItemNumberFormatted": "ItemNumberFormatted 7",
	"ItemCategory": "ItemCategory 7",
	"ItemCategoryDescription": "ItemCategoryDescription 7",
	"Description": "Description 7",
	"TaskType": "TaskType 7",
	"WiCreatedAt": "/Date(1355929904000)/",
	"ForwardedByID": "ForwardedByID 7",
	"ForwardedByName": "ForwardedByName 7",
	"SubstitutingForID": "SubstitutingForID 7",
	"SubstitutingForName": "SubstitutingForName 7",
	"Unit": "Unit 7",
	"UnitDescription": "UnitDescription 7",
	"Quantity": "Quantity 7",
	"Value": 3370.41,
	"Currency": "Currency 7",
	"PricePerUnit": 223.29,
	"CurrencyForPPU": "CurrencyForPPU 7",
	"QuantityForPPU": "QuantityForPPU 7",
	"UnitforPPU": "UnitforPPU 7",
	"UnitforPPUDescription": "UnitforPPUDescription 7",
	"CreatedByID": "CreatedByID 7",
	"CreatedByName": "CreatedByName 7",
	"DeliveryDate": "/Date(1324134704000)/",
	"DeliveryDateAlsoLater": "DeliveryDateAlsoLater 7",
	"NumberOfNotes": 1049,
	"NumberOfAttachments": 690,
	"NumberServiceLines": 6535,
	"SupplierID": "SupplierID 7",
	"SupplierName": "SupplierName 7",
	"__metadata": {
		"uri": "ItemDetailCollection(SAP__Origin='SAP__Origin 7',WorkitemID='WorkitemID 7')",
		"type": "GBAPP_PRAPPROVAL.ItemDetail"
	},
	"ServiceLines": {
		"__deferred": {
			"uri": "ItemDetailCollection(SAP__Origin='SAP__Origin 7',WorkitemID='WorkitemID 7')/ServiceLines"
		}
	},
	"Limits": {
		"__deferred": {
			"uri": "ItemDetailCollection(SAP__Origin='SAP__Origin 7',WorkitemID='WorkitemID 7')/Limits"
		}
	},
	"Accountings": {
		"__deferred": {
			"uri": "ItemDetailCollection(SAP__Origin='SAP__Origin 7',WorkitemID='WorkitemID 7')/Accountings"
		}
	},
	"Notes": {
		"__deferred": {
			"uri": "ItemDetailCollection(SAP__Origin='SAP__Origin 7',WorkitemID='WorkitemID 7')/Notes"
		}
	},
	"Attachments": {
		"__deferred": {
			"uri": "ItemDetailCollection(SAP__Origin='SAP__Origin 7',WorkitemID='WorkitemID 7')/Attachments"
		}
	},
	"Components": {
		"__deferred": {
			"uri": "ItemDetailCollection(SAP__Origin='SAP__Origin 7',WorkitemID='WorkitemID 7')/Components"
		}
	}
}, {
	"ProductDetails": {
		"ItemType": "ItemType 8",
		"MaterialID": "MaterialID 8",
		"MaterialGroupDescription": "MaterialGroupDescription 8",
		"MaterialGroup": "MaterialGroup 8"
	},
	"DeliveryAddress": {
		"Plant": "Plant 8",
		"PlantName": "PlantName 8",
		"CustomerId": "CustomerId 8",
		"CustomerName": "CustomerName 8",
		"AddressString": "AddressString 8"
	},
	"SAP__Origin": "SAP__Origin 8",
	"WorkitemID": "WorkitemID 8",
	"PrNumber": "PrNumber 8",
	"ItemNumber": "ItemNumber 8",
	"PrNumberFormatted": "PrNumberFormatted 8",
	"ItemNumberFormatted": "ItemNumberFormatted 8",
	"ItemCategory": "ItemCategory 8",
	"ItemCategoryDescription": "ItemCategoryDescription 8",
	"Description": "Description 8",
	"TaskType": "TaskType 8",
	"WiCreatedAt": "/Date(1556719904000)/",
	"ForwardedByID": "ForwardedByID 8",
	"ForwardedByName": "ForwardedByName 8",
	"SubstitutingForID": "SubstitutingForID 8",
	"SubstitutingForName": "SubstitutingForName 8",
	"Unit": "Unit 8",
	"UnitDescription": "UnitDescription 8",
	"Quantity": "Quantity 8",
	"Value": 3741.55,
	"Currency": "Currency 8",
	"PricePerUnit": 9128.46,
	"CurrencyForPPU": "CurrencyForPPU 8",
	"QuantityForPPU": "QuantityForPPU 8",
	"UnitforPPU": "UnitforPPU 8",
	"UnitforPPUDescription": "UnitforPPUDescription 8",
	"CreatedByID": "CreatedByID 8",
	"CreatedByName": "CreatedByName 8",
	"DeliveryDate": "/Date(1332515504000)/",
	"DeliveryDateAlsoLater": "DeliveryDateAlsoLater 8",
	"NumberOfNotes": 7229,
	"NumberOfAttachments": 3277,
	"NumberServiceLines": 5894,
	"SupplierID": "SupplierID 8",
	"SupplierName": "SupplierName 8",
	"__metadata": {
		"uri": "ItemDetailCollection(SAP__Origin='SAP__Origin 8',WorkitemID='WorkitemID 8')",
		"type": "GBAPP_PRAPPROVAL.ItemDetail"
	},
	"ServiceLines": {
		"__deferred": {
			"uri": "ItemDetailCollection(SAP__Origin='SAP__Origin 8',WorkitemID='WorkitemID 8')/ServiceLines"
		}
	},
	"Limits": {
		"__deferred": {
			"uri": "ItemDetailCollection(SAP__Origin='SAP__Origin 8',WorkitemID='WorkitemID 8')/Limits"
		}
	},
	"Accountings": {
		"__deferred": {
			"uri": "ItemDetailCollection(SAP__Origin='SAP__Origin 8',WorkitemID='WorkitemID 8')/Accountings"
		}
	},
	"Notes": {
		"__deferred": {
			"uri": "ItemDetailCollection(SAP__Origin='SAP__Origin 8',WorkitemID='WorkitemID 8')/Notes"
		}
	},
	"Attachments": {
		"__deferred": {
			"uri": "ItemDetailCollection(SAP__Origin='SAP__Origin 8',WorkitemID='WorkitemID 8')/Attachments"
		}
	},
	"Components": {
		"__deferred": {
			"uri": "ItemDetailCollection(SAP__Origin='SAP__Origin 8',WorkitemID='WorkitemID 8')/Components"
		}
	}
}, {
	"ProductDetails": {
		"ItemType": "ItemType 9",
		"MaterialID": "MaterialID 9",
		"MaterialGroupDescription": "MaterialGroupDescription 9",
		"MaterialGroup": "MaterialGroup 9"
	},
	"DeliveryAddress": {
		"Plant": "Plant 9",
		"PlantName": "PlantName 9",
		"CustomerId": "CustomerId 9",
		"CustomerName": "CustomerName 9",
		"AddressString": "AddressString 9"
	},
	"SAP__Origin": "SAP__Origin 9",
	"WorkitemID": "WorkitemID 9",
	"PrNumber": "PrNumber 9",
	"ItemNumber": "ItemNumber 9",
	"PrNumberFormatted": "PrNumberFormatted 9",
	"ItemNumberFormatted": "ItemNumberFormatted 9",
	"ItemCategory": "ItemCategory 9",
	"ItemCategoryDescription": "ItemCategoryDescription 9",
	"Description": "Description 9",
	"TaskType": "TaskType 9",
	"WiCreatedAt": "/Date(1577113904000)/",
	"ForwardedByID": "ForwardedByID 9",
	"ForwardedByName": "ForwardedByName 9",
	"SubstitutingForID": "SubstitutingForID 9",
	"SubstitutingForName": "SubstitutingForName 9",
	"Unit": "Unit 9",
	"UnitDescription": "UnitDescription 9",
	"Quantity": "Quantity 9",
	"Value": 6896.7,
	"Currency": "Currency 9",
	"PricePerUnit": 9621.56,
	"CurrencyForPPU": "CurrencyForPPU 9",
	"QuantityForPPU": "QuantityForPPU 9",
	"UnitforPPU": "UnitforPPU 9",
	"UnitforPPUDescription": "UnitforPPUDescription 9",
	"CreatedByID": "CreatedByID 9",
	"CreatedByName": "CreatedByName 9",
	"DeliveryDate": "/Date(1328800304000)/",
	"DeliveryDateAlsoLater": "DeliveryDateAlsoLater 9",
	"NumberOfNotes": 5177,
	"NumberOfAttachments": 1635,
	"NumberServiceLines": 8353,
	"SupplierID": "SupplierID 9",
	"SupplierName": "SupplierName 9",
	"__metadata": {
		"uri": "ItemDetailCollection(SAP__Origin='SAP__Origin 9',WorkitemID='WorkitemID 9')",
		"type": "GBAPP_PRAPPROVAL.ItemDetail"
	},
	"ServiceLines": {
		"__deferred": {
			"uri": "ItemDetailCollection(SAP__Origin='SAP__Origin 9',WorkitemID='WorkitemID 9')/ServiceLines"
		}
	},
	"Limits": {
		"__deferred": {
			"uri": "ItemDetailCollection(SAP__Origin='SAP__Origin 9',WorkitemID='WorkitemID 9')/Limits"
		}
	},
	"Accountings": {
		"__deferred": {
			"uri": "ItemDetailCollection(SAP__Origin='SAP__Origin 9',WorkitemID='WorkitemID 9')/Accountings"
		}
	},
	"Notes": {
		"__deferred": {
			"uri": "ItemDetailCollection(SAP__Origin='SAP__Origin 9',WorkitemID='WorkitemID 9')/Notes"
		}
	},
	"Attachments": {
		"__deferred": {
			"uri": "ItemDetailCollection(SAP__Origin='SAP__Origin 9',WorkitemID='WorkitemID 9')/Attachments"
		}
	},
	"Components": {
		"__deferred": {
			"uri": "ItemDetailCollection(SAP__Origin='SAP__Origin 9',WorkitemID='WorkitemID 9')/Components"
		}
	}
}, {
	"ProductDetails": {
		"ItemType": "ItemType 10",
		"MaterialID": "MaterialID 10",
		"MaterialGroupDescription": "MaterialGroupDescription 10",
		"MaterialGroup": "MaterialGroup 10"
	},
	"DeliveryAddress": {
		"Plant": "Plant 10",
		"PlantName": "PlantName 10",
		"CustomerId": "CustomerId 10",
		"CustomerName": "CustomerName 10",
		"AddressString": "AddressString 10"
	},
	"SAP__Origin": "SAP__Origin 10",
	"WorkitemID": "WorkitemID 10",
	"PrNumber": "PrNumber 10",
	"ItemNumber": "ItemNumber 10",
	"PrNumberFormatted": "PrNumberFormatted 10",
	"ItemNumberFormatted": "ItemNumberFormatted 10",
	"ItemCategory": "ItemCategory 10",
	"ItemCategoryDescription": "ItemCategoryDescription 10",
	"Description": "Description 10",
	"TaskType": "TaskType 10",
	"WiCreatedAt": "/Date(1291475504000)/",
	"ForwardedByID": "ForwardedByID 10",
	"ForwardedByName": "ForwardedByName 10",
	"SubstitutingForID": "SubstitutingForID 10",
	"SubstitutingForName": "SubstitutingForName 10",
	"Unit": "Unit 10",
	"UnitDescription": "UnitDescription 10",
	"Quantity": "Quantity 10",
	"Value": 7801.08,
	"Currency": "Currency 10",
	"PricePerUnit": 5666.23,
	"CurrencyForPPU": "CurrencyForPPU 10",
	"QuantityForPPU": "QuantityForPPU 10",
	"UnitforPPU": "UnitforPPU 10",
	"UnitforPPUDescription": "UnitforPPUDescription 10",
	"CreatedByID": "CreatedByID 10",
	"CreatedByName": "CreatedByName 10",
	"DeliveryDate": "/Date(1175091104000)/",
	"DeliveryDateAlsoLater": "DeliveryDateAlsoLater 10",
	"NumberOfNotes": 1892,
	"NumberOfAttachments": 7602,
	"NumberServiceLines": 7050,
	"SupplierID": "SupplierID 10",
	"SupplierName": "SupplierName 10",
	"__metadata": {
		"uri": "ItemDetailCollection(SAP__Origin='SAP__Origin 10',WorkitemID='WorkitemID 10')",
		"type": "GBAPP_PRAPPROVAL.ItemDetail"
	},
	"ServiceLines": {
		"__deferred": {
			"uri": "ItemDetailCollection(SAP__Origin='SAP__Origin 10',WorkitemID='WorkitemID 10')/ServiceLines"
		}
	},
	"Limits": {
		"__deferred": {
			"uri": "ItemDetailCollection(SAP__Origin='SAP__Origin 10',WorkitemID='WorkitemID 10')/Limits"
		}
	},
	"Accountings": {
		"__deferred": {
			"uri": "ItemDetailCollection(SAP__Origin='SAP__Origin 10',WorkitemID='WorkitemID 10')/Accountings"
		}
	},
	"Notes": {
		"__deferred": {
			"uri": "ItemDetailCollection(SAP__Origin='SAP__Origin 10',WorkitemID='WorkitemID 10')/Notes"
		}
	},
	"Attachments": {
		"__deferred": {
			"uri": "ItemDetailCollection(SAP__Origin='SAP__Origin 10',WorkitemID='WorkitemID 10')/Attachments"
		}
	},
	"Components": {
		"__deferred": {
			"uri": "ItemDetailCollection(SAP__Origin='SAP__Origin 10',WorkitemID='WorkitemID 10')/Components"
		}
	}
}]