[{
	"SAP__Origin": "SAP__Origin 1",
	"key": "key 1",
	"title": "title 1",
	"number": 792,
	"numberUnit": "numberUnit 1",
	"info": "info 1",
	"infoStatus": "infoStatus 1",
	"icon": "icon 1",
	"__metadata": {
		"uri": "LaunchPageCollection(SAP__Origin='SAP__Origin 1',key='key 1')",
		"type": "GBAPP_PRAPPROVAL.LaunchPage"
	}
}, {
	"SAP__Origin": "SAP__Origin 2",
	"key": "key 2",
	"title": "title 2",
	"number": 3661,
	"numberUnit": "numberUnit 2",
	"info": "info 2",
	"infoStatus": "infoStatus 2",
	"icon": "icon 2",
	"__metadata": {
		"uri": "LaunchPageCollection(SAP__Origin='SAP__Origin 2',key='key 2')",
		"type": "GBAPP_PRAPPROVAL.LaunchPage"
	}
}, {
	"SAP__Origin": "SAP__Origin 3",
	"key": "key 3",
	"title": "title 3",
	"number": 4294,
	"numberUnit": "numberUnit 3",
	"info": "info 3",
	"infoStatus": "infoStatus 3",
	"icon": "icon 3",
	"__metadata": {
		"uri": "LaunchPageCollection(SAP__Origin='SAP__Origin 3',key='key 3')",
		"type": "GBAPP_PRAPPROVAL.LaunchPage"
	}
}, {
	"SAP__Origin": "SAP__Origin 4",
	"key": "key 4",
	"title": "title 4",
	"number": 6893,
	"numberUnit": "numberUnit 4",
	"info": "info 4",
	"infoStatus": "infoStatus 4",
	"icon": "icon 4",
	"__metadata": {
		"uri": "LaunchPageCollection(SAP__Origin='SAP__Origin 4',key='key 4')",
		"type": "GBAPP_PRAPPROVAL.LaunchPage"
	}
}, {
	"SAP__Origin": "SAP__Origin 5",
	"key": "key 5",
	"title": "title 5",
	"number": 5824,
	"numberUnit": "numberUnit 5",
	"info": "info 5",
	"infoStatus": "infoStatus 5",
	"icon": "icon 5",
	"__metadata": {
		"uri": "LaunchPageCollection(SAP__Origin='SAP__Origin 5',key='key 5')",
		"type": "GBAPP_PRAPPROVAL.LaunchPage"
	}
}, {
	"SAP__Origin": "SAP__Origin 6",
	"key": "key 6",
	"title": "title 6",
	"number": 8158,
	"numberUnit": "numberUnit 6",
	"info": "info 6",
	"infoStatus": "infoStatus 6",
	"icon": "icon 6",
	"__metadata": {
		"uri": "LaunchPageCollection(SAP__Origin='SAP__Origin 6',key='key 6')",
		"type": "GBAPP_PRAPPROVAL.LaunchPage"
	}
}, {
	"SAP__Origin": "SAP__Origin 7",
	"key": "key 7",
	"title": "title 7",
	"number": 3358,
	"numberUnit": "numberUnit 7",
	"info": "info 7",
	"infoStatus": "infoStatus 7",
	"icon": "icon 7",
	"__metadata": {
		"uri": "LaunchPageCollection(SAP__Origin='SAP__Origin 7',key='key 7')",
		"type": "GBAPP_PRAPPROVAL.LaunchPage"
	}
}, {
	"SAP__Origin": "SAP__Origin 8",
	"key": "key 8",
	"title": "title 8",
	"number": 5268,
	"numberUnit": "numberUnit 8",
	"info": "info 8",
	"infoStatus": "infoStatus 8",
	"icon": "icon 8",
	"__metadata": {
		"uri": "LaunchPageCollection(SAP__Origin='SAP__Origin 8',key='key 8')",
		"type": "GBAPP_PRAPPROVAL.LaunchPage"
	}
}, {
	"SAP__Origin": "SAP__Origin 9",
	"key": "key 9",
	"title": "title 9",
	"number": 8467,
	"numberUnit": "numberUnit 9",
	"info": "info 9",
	"infoStatus": "infoStatus 9",
	"icon": "icon 9",
	"__metadata": {
		"uri": "LaunchPageCollection(SAP__Origin='SAP__Origin 9',key='key 9')",
		"type": "GBAPP_PRAPPROVAL.LaunchPage"
	}
}, {
	"SAP__Origin": "SAP__Origin 10",
	"key": "key 10",
	"title": "title 10",
	"number": 6050,
	"numberUnit": "numberUnit 10",
	"info": "info 10",
	"infoStatus": "infoStatus 10",
	"icon": "icon 10",
	"__metadata": {
		"uri": "LaunchPageCollection(SAP__Origin='SAP__Origin 10',key='key 10')",
		"type": "GBAPP_PRAPPROVAL.LaunchPage"
	}
}]