[{
	"SAP__Origin": "SAP__Origin 1",
	"PrNumber": "PrNumber 1",
	"ItemNumber": "ItemNumber 1",
	"LimitDescription": "LimitDescription 1",
	"ValueLimit": 4264.74,
	"IsValueUnLimited": "IsValueUnLimited 1",
	"ExpectedValue": 3068.78,
	"Currency": "Currency 1",
	"__metadata": {
		"uri": "LimitCollection(SAP__Origin='SAP__Origin 1',PrNumber='PrNumber 1',ItemNumber='ItemNumber 1')",
		"type": "GBAPP_PRAPPROVAL.Limit"
	},
	"Accountings": {
		"__deferred": {
			"uri": "LimitCollection(SAP__Origin='SAP__Origin 1',PrNumber='PrNumber 1',ItemNumber='ItemNumber 1')/Accountings"
		}
	}
}, {
	"SAP__Origin": "SAP__Origin 2",
	"PrNumber": "PrNumber 2",
	"ItemNumber": "ItemNumber 2",
	"LimitDescription": "LimitDescription 2",
	"ValueLimit": 9745.37,
	"IsValueUnLimited": "IsValueUnLimited 2",
	"ExpectedValue": 9158.74,
	"Currency": "Currency 2",
	"__metadata": {
		"uri": "LimitCollection(SAP__Origin='SAP__Origin 2',PrNumber='PrNumber 2',ItemNumber='ItemNumber 2')",
		"type": "GBAPP_PRAPPROVAL.Limit"
	},
	"Accountings": {
		"__deferred": {
			"uri": "LimitCollection(SAP__Origin='SAP__Origin 2',PrNumber='PrNumber 2',ItemNumber='ItemNumber 2')/Accountings"
		}
	}
}, {
	"SAP__Origin": "SAP__Origin 3",
	"PrNumber": "PrNumber 3",
	"ItemNumber": "ItemNumber 3",
	"LimitDescription": "LimitDescription 3",
	"ValueLimit": 2786.57,
	"IsValueUnLimited": "IsValueUnLimited 3",
	"ExpectedValue": 4197.67,
	"Currency": "Currency 3",
	"__metadata": {
		"uri": "LimitCollection(SAP__Origin='SAP__Origin 3',PrNumber='PrNumber 3',ItemNumber='ItemNumber 3')",
		"type": "GBAPP_PRAPPROVAL.Limit"
	},
	"Accountings": {
		"__deferred": {
			"uri": "LimitCollection(SAP__Origin='SAP__Origin 3',PrNumber='PrNumber 3',ItemNumber='ItemNumber 3')/Accountings"
		}
	}
}, {
	"SAP__Origin": "SAP__Origin 4",
	"PrNumber": "PrNumber 4",
	"ItemNumber": "ItemNumber 4",
	"LimitDescription": "LimitDescription 4",
	"ValueLimit": 2418.03,
	"IsValueUnLimited": "IsValueUnLimited 4",
	"ExpectedValue": 6030.91,
	"Currency": "Currency 4",
	"__metadata": {
		"uri": "LimitCollection(SAP__Origin='SAP__Origin 4',PrNumber='PrNumber 4',ItemNumber='ItemNumber 4')",
		"type": "GBAPP_PRAPPROVAL.Limit"
	},
	"Accountings": {
		"__deferred": {
			"uri": "LimitCollection(SAP__Origin='SAP__Origin 4',PrNumber='PrNumber 4',ItemNumber='ItemNumber 4')/Accountings"
		}
	}
}, {
	"SAP__Origin": "SAP__Origin 5",
	"PrNumber": "PrNumber 5",
	"ItemNumber": "ItemNumber 5",
	"LimitDescription": "LimitDescription 5",
	"ValueLimit": 7499.88,
	"IsValueUnLimited": "IsValueUnLimited 5",
	"ExpectedValue": 3907.94,
	"Currency": "Currency 5",
	"__metadata": {
		"uri": "LimitCollection(SAP__Origin='SAP__Origin 5',PrNumber='PrNumber 5',ItemNumber='ItemNumber 5')",
		"type": "GBAPP_PRAPPROVAL.Limit"
	},
	"Accountings": {
		"__deferred": {
			"uri": "LimitCollection(SAP__Origin='SAP__Origin 5',PrNumber='PrNumber 5',ItemNumber='ItemNumber 5')/Accountings"
		}
	}
}, {
	"SAP__Origin": "SAP__Origin 6",
	"PrNumber": "PrNumber 6",
	"ItemNumber": "ItemNumber 6",
	"LimitDescription": "LimitDescription 6",
	"ValueLimit": 2013.66,
	"IsValueUnLimited": "IsValueUnLimited 6",
	"ExpectedValue": 5378.2,
	"Currency": "Currency 6",
	"__metadata": {
		"uri": "LimitCollection(SAP__Origin='SAP__Origin 6',PrNumber='PrNumber 6',ItemNumber='ItemNumber 6')",
		"type": "GBAPP_PRAPPROVAL.Limit"
	},
	"Accountings": {
		"__deferred": {
			"uri": "LimitCollection(SAP__Origin='SAP__Origin 6',PrNumber='PrNumber 6',ItemNumber='ItemNumber 6')/Accountings"
		}
	}
}, {
	"SAP__Origin": "SAP__Origin 7",
	"PrNumber": "PrNumber 7",
	"ItemNumber": "ItemNumber 7",
	"LimitDescription": "LimitDescription 7",
	"ValueLimit": 7927.61,
	"IsValueUnLimited": "IsValueUnLimited 7",
	"ExpectedValue": 5228.95,
	"Currency": "Currency 7",
	"__metadata": {
		"uri": "LimitCollection(SAP__Origin='SAP__Origin 7',PrNumber='PrNumber 7',ItemNumber='ItemNumber 7')",
		"type": "GBAPP_PRAPPROVAL.Limit"
	},
	"Accountings": {
		"__deferred": {
			"uri": "LimitCollection(SAP__Origin='SAP__Origin 7',PrNumber='PrNumber 7',ItemNumber='ItemNumber 7')/Accountings"
		}
	}
}, {
	"SAP__Origin": "SAP__Origin 8",
	"PrNumber": "PrNumber 8",
	"ItemNumber": "ItemNumber 8",
	"LimitDescription": "LimitDescription 8",
	"ValueLimit": 8920.58,
	"IsValueUnLimited": "IsValueUnLimited 8",
	"ExpectedValue": 6983.87,
	"Currency": "Currency 8",
	"__metadata": {
		"uri": "LimitCollection(SAP__Origin='SAP__Origin 8',PrNumber='PrNumber 8',ItemNumber='ItemNumber 8')",
		"type": "GBAPP_PRAPPROVAL.Limit"
	},
	"Accountings": {
		"__deferred": {
			"uri": "LimitCollection(SAP__Origin='SAP__Origin 8',PrNumber='PrNumber 8',ItemNumber='ItemNumber 8')/Accountings"
		}
	}
}, {
	"SAP__Origin": "SAP__Origin 9",
	"PrNumber": "PrNumber 9",
	"ItemNumber": "ItemNumber 9",
	"LimitDescription": "LimitDescription 9",
	"ValueLimit": 281.04,
	"IsValueUnLimited": "IsValueUnLimited 9",
	"ExpectedValue": 6806.36,
	"Currency": "Currency 9",
	"__metadata": {
		"uri": "LimitCollection(SAP__Origin='SAP__Origin 9',PrNumber='PrNumber 9',ItemNumber='ItemNumber 9')",
		"type": "GBAPP_PRAPPROVAL.Limit"
	},
	"Accountings": {
		"__deferred": {
			"uri": "LimitCollection(SAP__Origin='SAP__Origin 9',PrNumber='PrNumber 9',ItemNumber='ItemNumber 9')/Accountings"
		}
	}
}, {
	"SAP__Origin": "SAP__Origin 10",
	"PrNumber": "PrNumber 10",
	"ItemNumber": "ItemNumber 10",
	"LimitDescription": "LimitDescription 10",
	"ValueLimit": 8305.37,
	"IsValueUnLimited": "IsValueUnLimited 10",
	"ExpectedValue": 7493.15,
	"Currency": "Currency 10",
	"__metadata": {
		"uri": "LimitCollection(SAP__Origin='SAP__Origin 10',PrNumber='PrNumber 10',ItemNumber='ItemNumber 10')",
		"type": "GBAPP_PRAPPROVAL.Limit"
	},
	"Accountings": {
		"__deferred": {
			"uri": "LimitCollection(SAP__Origin='SAP__Origin 10',PrNumber='PrNumber 10',ItemNumber='ItemNumber 10')/Accountings"
		}
	}
}]