<?xml version="1.0" encoding="utf-8"?>
<!--

    Copyright (C) 2009-2014 SAP SE or an SAP affiliate company. All rights reserved

-->
<edmx:Edmx Version="1.0" xmlns:edmx="http://schemas.microsoft.com/ado/2007/06/edmx"
	xmlns:m="http://schemas.microsoft.com/ado/2007/08/dataservices/metadata" xmlns:sap="http://www.sap.com/Protocols/SAPData">
	<edmx:DataServices m:DataServiceVersion="2.0">
		<Schema Namespace="GBAPP_PRAPPROVAL" sap:schema-version="1" xml:lang="en" xmlns="http://schemas.microsoft.com/ado/2008/09/edm">
			<EntityType Name="Subscription" sap:content-version="1" sap:semantics="subscriptions">
				<Key><PropertyRef Name="SAP__Origin"/><PropertyRef Name="ID"/></Key><Property MaxLength="16" Name="SAP__Origin" Nullable="false" Type="Edm.String"/><Property MaxLength="32" Name="ID" Nullable="false" Type="Edm.String" sap:creatable="false" sap:filterable="false" sap:label="Sub. ID"
					sap:updatable="false"/><Property MaxLength="12" Name="user" Type="Edm.String" m:FC_KeepInContent="false" m:FC_TargetPath="SyndicationAuthorName"
					sap:creatable="false" sap:filterable="false" sap:label="User Name"/><Property Name="updated" Precision="0" Type="Edm.DateTime" m:FC_KeepInContent="false" m:FC_TargetPath="SyndicationUpdated"
					sap:creatable="false" sap:filterable="false" sap:label="Time Stamp"/><Property MaxLength="255" Name="title" Type="Edm.String" m:FC_KeepInContent="false" m:FC_TargetPath="SyndicationTitle"
					sap:filterable="false" sap:label="Title"/><Property Name="deliveryAddress" Type="Edm.String" sap:filterable="false" sap:label="Delivery Address"/><Property Name="persistNotifications" Type="Edm.Boolean" sap:filterable="false" sap:label="Persist Notification"/><Property MaxLength="40" Name="collection" Type="Edm.String" sap:filterable="false" sap:label="Collection"/><Property Name="filter" Type="Edm.String" sap:filterable="false" sap:label="Filter"/><Property MaxLength="255" Name="select" Type="Edm.String" sap:filterable="false" sap:label="Select"/><Property MaxLength="30" Name="changeType" Type="Edm.String" sap:label="Change Type"/></EntityType>
			<EntityType Name="Notification" sap:content-version="1" sap:semantics="notifications">
				<Key><PropertyRef Name="SAP__Origin"/><PropertyRef Name="ID"/></Key><Property MaxLength="16" Name="SAP__Origin" Nullable="false" Type="Edm.String"/><Property MaxLength="32" Name="ID" Nullable="false" Type="Edm.String" sap:label="Notification ID"/><Property MaxLength="40" Name="collection" Type="Edm.String" sap:label="Collection"/><Property Name="title" Type="Edm.String" m:FC_KeepInContent="false" m:FC_TargetPath="SyndicationTitle" sap:label="Notif. Text"/><Property Name="updated" Precision="0" Type="Edm.DateTime" m:FC_KeepInContent="false" m:FC_TargetPath="SyndicationUpdated"
					sap:label="Time Stamp"/><Property MaxLength="30" Name="changeType" Type="Edm.String" sap:label="Change Type"/><Property Name="entriesOfInterest" Type="Edm.Int32" sap:label="No. of Entries"/><Property MaxLength="112" Name="recipient" Type="Edm.String" sap:creatable="false" sap:label="Recipient" sap:updatable="false"/></EntityType>
			<EntityType Name="LaunchPage" sap:content-version="1">
				<Key><PropertyRef Name="SAP__Origin"/><PropertyRef Name="key"/></Key><Property MaxLength="16" Name="SAP__Origin" Nullable="false" Type="Edm.String"/><Property MaxLength="32" Name="key" Nullable="false" Type="Edm.String" sap:label="Scenario ID"/><Property MaxLength="255" Name="title" Type="Edm.String" sap:label="Scenario Name"/><Property Name="number" Type="Edm.Int32" sap:label="Number"/><Property MaxLength="10" Name="numberUnit" Type="Edm.String" sap:label="Character Field Length = 10"/><Property MaxLength="32" Name="info" Type="Edm.String" sap:label="Character field, length 32"/><Property MaxLength="32" Name="infoStatus" Type="Edm.String" sap:label="Character field, length 32"/><Property MaxLength="32" Name="icon" Type="Edm.String" sap:label="Character field, length 32"/></EntityType>
			<EntityType Name="WorkflowTask" sap:content-version="1">
				<Key><PropertyRef Name="SAP__Origin"/><PropertyRef Name="WorkitemID"/></Key><Property MaxLength="16" Name="SAP__Origin" Nullable="false" Type="Edm.String"/><Property MaxLength="12" Name="WorkitemID" Nullable="false" Type="Edm.String" sap:label="ID"/><Property MaxLength="14" Name="TaskType" Type="Edm.String" sap:label="Org Management obj."/><Property Name="WiCreatedAt" Precision="0" Type="Edm.DateTime" sap:label="Time Stamp"/><Property MaxLength="12" Name="ForwardedByID" Type="Edm.String" sap:label="User Name"/><Property MaxLength="40" Name="ForwardedByName" Type="Edm.String" sap:label="Char"/><Property MaxLength="12" Name="SubstitutingForID" Type="Edm.String" sap:label="User Name"/><Property MaxLength="40" Name="SubstitutingForName" Type="Edm.String" sap:label="Char"/><Property MaxLength="10" Name="PrNumber" Type="Edm.String" sap:label="Purch.req."/><Property MaxLength="5" Name="ItemNumber" Type="Edm.String" sap:label="Requisn. item"/><Property MaxLength="10" Name="PrNumberFormatted" Type="Edm.String" sap:label="Character Field Length = 10"/><Property MaxLength="5" Name="ItemNumberFormatted" Type="Edm.String" sap:label="R/2 table"/><Property MaxLength="12" Name="CreatedByID" Type="Edm.String" sap:label="User Name"/><Property MaxLength="40" Name="CreatedByName" Type="Edm.String" sap:label="Char"/><Property MaxLength="1" Name="IsItemBasedApproval" Type="Edm.String" sap:label="Checkbox"/><Property Name="ItemDescriptions" Type="Edm.String" sap:label="String"/><Property Name="Value" Precision="13" Scale="13" Type="Edm.Decimal" sap:label="Total Value" sap:unit="Currency"/><Property MaxLength="5" Name="Currency" Type="Edm.String" sap:label="Currency" sap:semantics="currency-code"/><Property MaxLength="1" Name="ItemType" Type="Edm.String" sap:label="Single-Character Flag"/><Property Name="SearchForText" Type="Edm.String" sap:label="String"/><NavigationProperty FromRole="FromRole_ItemDetails" Name="ItemDetails" Relationship="GBAPP_PRAPPROVAL.ItemDetails"
					ToRole="ToRole_ItemDetails"/><NavigationProperty FromRole="FromRole_HeaderDetails" Name="HeaderDetails" Relationship="GBAPP_PRAPPROVAL.HeaderDetails"
					ToRole="ToRole_HeaderDetails"/></EntityType>
			<EntityType Name="ItemDetail" sap:content-version="1">
				<Key><PropertyRef Name="SAP__Origin"/><PropertyRef Name="WorkitemID"/></Key><Property Name="ProductDetails" Nullable="false" Type="GBAPP_PRAPPROVAL.ProductDetails"/><Property Name="DeliveryAddress" Nullable="false" Type="GBAPP_PRAPPROVAL.DeliveryAddress"/><Property MaxLength="16" Name="SAP__Origin" Nullable="false" Type="Edm.String"/><Property MaxLength="12" Name="WorkitemID" Nullable="false" Type="Edm.String" sap:label="ID"/><Property MaxLength="10" Name="PrNumber" Type="Edm.String" sap:label="Purch.req."/><Property MaxLength="5" Name="ItemNumber" Type="Edm.String" sap:label="Requisn. item"/><Property MaxLength="10" Name="PrNumberFormatted" Type="Edm.String" sap:label="Purch.req."/><Property MaxLength="5" Name="ItemNumberFormatted" Type="Edm.String" sap:label="R/2 table"/><Property MaxLength="1" Name="ItemCategory" Type="Edm.String" sap:label="Item category"/><Property MaxLength="20" Name="ItemCategoryDescription" Type="Edm.String" sap:label="Text for ItCat."/><Property MaxLength="40" Name="Description" Type="Edm.String" sap:label="Short Text"/><Property MaxLength="14" Name="TaskType" Type="Edm.String" sap:label="Org Management obj."/><Property Name="WiCreatedAt" Precision="0" Type="Edm.DateTime" sap:label="Time Stamp"/><Property MaxLength="12" Name="ForwardedByID" Type="Edm.String" sap:label="User Name"/><Property MaxLength="40" Name="ForwardedByName" Type="Edm.String" sap:label="Char"/><Property MaxLength="12" Name="SubstitutingForID" Type="Edm.String" sap:label="User Name"/><Property MaxLength="40" Name="SubstitutingForName" Type="Edm.String" sap:label="Char"/><Property MaxLength="3" Name="Unit" Type="Edm.String" sap:label="Unit of Measure" sap:semantics="unit-of-measure"/><Property MaxLength="30" Name="UnitDescription" Type="Edm.String" sap:label="Unit text"/><Property Name="Quantity" Type="Edm.String" sap:label="String" sap:unit="Unit"/><Property Name="Value" Precision="13" Scale="13" Type="Edm.Decimal" sap:label="Total Value" sap:unit="Currency"/><Property MaxLength="5" Name="Currency" Type="Edm.String" sap:label="Currency" sap:semantics="currency-code"/><Property Name="PricePerUnit" Precision="11" Scale="11" Type="Edm.Decimal" sap:label="Valuation Price" sap:unit="CurrencyForPPU"/><Property MaxLength="5" Name="CurrencyForPPU" Type="Edm.String" sap:label="Currency" sap:semantics="currency-code"/><Property Name="QuantityForPPU" Type="Edm.String" sap:label="String" sap:unit="UnitforPPU"/><Property MaxLength="3" Name="UnitforPPU" Type="Edm.String" sap:label="Unit of Measure" sap:semantics="unit-of-measure"/><Property MaxLength="30" Name="UnitforPPUDescription" Type="Edm.String" sap:label="Unit text"/><Property MaxLength="12" Name="CreatedByID" Type="Edm.String" sap:label="User Name"/><Property MaxLength="40" Name="CreatedByName" Type="Edm.String" sap:label="Char"/><Property Name="DeliveryDate" Precision="0" Type="Edm.DateTime" sap:label="Time Stamp"/><Property MaxLength="1" Name="DeliveryDateAlsoLater" Type="Edm.String" sap:label="Indicator"/><Property Name="NumberOfNotes" Type="Edm.Int32" sap:label="Number"/><Property Name="NumberOfAttachments" Type="Edm.Int32" sap:label="Number"/><Property Name="NumberServiceLines" Type="Edm.Int32" sap:label="Number"/><Property MaxLength="10" Name="SupplierID" Type="Edm.String" sap:label="Vendor"/><Property MaxLength="35" Name="SupplierName" Type="Edm.String" sap:label="Name"/><NavigationProperty FromRole="FromRole_ServiceLines" Name="ServiceLines" Relationship="GBAPP_PRAPPROVAL.ServiceLines"
					ToRole="ToRole_ServiceLines"/><NavigationProperty FromRole="FromRole_Limits" Name="Limits" Relationship="GBAPP_PRAPPROVAL.Limits" ToRole="ToRole_Limits"/><NavigationProperty FromRole="FromRole_Accountings" Name="Accountings" Relationship="GBAPP_PRAPPROVAL.Accountings"
					ToRole="ToRole_Accountings"/><NavigationProperty FromRole="FromRole_Notes" Name="Notes" Relationship="GBAPP_PRAPPROVAL.Notes" ToRole="ToRole_Notes"/><NavigationProperty FromRole="FromRole_Attachments" Name="Attachments" Relationship="GBAPP_PRAPPROVAL.Attachments"
					ToRole="ToRole_Attachments"/><NavigationProperty FromRole="FromRole_Components" Name="Components" Relationship="GBAPP_PRAPPROVAL.Components" ToRole="ToRole_Components"/></EntityType>
			<EntityType Name="HeaderDetail" sap:content-version="1">
				<Key><PropertyRef Name="SAP__Origin"/><PropertyRef Name="WorkitemID"/></Key><Property Name="HeaderAcc" Nullable="false" Type="GBAPP_PRAPPROVAL.HeaderAcc"/><Property Name="HdDeliveryAddress" Nullable="false" Type="GBAPP_PRAPPROVAL.HdDeliveryAddress"/><Property MaxLength="16" Name="SAP__Origin" Nullable="false" Type="Edm.String"/><Property MaxLength="12" Name="WorkitemID" Nullable="false" Type="Edm.String" sap:label="ID"/><Property MaxLength="10" Name="PrNumber" Type="Edm.String" sap:label="Purch.req."/><Property MaxLength="10" Name="PrNumberFormatted" Type="Edm.String" sap:label="Purch.req."/><Property MaxLength="14" Name="TaskType" Type="Edm.String" sap:label="Org Management obj."/><Property Name="WiCreatedAt" Precision="0" Type="Edm.DateTime" sap:label="Time Stamp"/><Property MaxLength="12" Name="ForwardedByID" Type="Edm.String" sap:label="User Name"/><Property MaxLength="40" Name="ForwardedByName" Type="Edm.String" sap:label="Char"/><Property MaxLength="12" Name="SubstitutingForID" Type="Edm.String" sap:label="User Name"/><Property MaxLength="40" Name="SubstitutingForName" Type="Edm.String" sap:label="Char"/><Property MaxLength="12" Name="CreatedByID" Type="Edm.String" sap:label="User Name"/><Property MaxLength="40" Name="CreatedByName" Type="Edm.String" sap:label="Char"/><Property Name="Value" Precision="13" Scale="13" Type="Edm.Decimal" sap:label="Total Value" sap:unit="Currency"/><Property MaxLength="5" Name="Currency" Type="Edm.String" sap:label="Currency" sap:semantics="currency-code"/><Property Name="DeliveryDate" Precision="0" Type="Edm.DateTime" sap:label="Time Stamp"/><Property MaxLength="1" Name="DeliveryDateAlsoLater" Type="Edm.String" sap:label="Indicator"/><Property MaxLength="10" Name="SupplierID" Type="Edm.String" sap:label="Vendor"/><Property MaxLength="35" Name="SupplierName" Type="Edm.String" sap:label="Name"/><Property Name="NumberOfNotes" Type="Edm.Int32" sap:label="Number"/><Property Name="NumberOfAttachments" Type="Edm.Int32" sap:label="Number"/><Property Name="NumberOfItems" Type="Edm.Int32" sap:label="Number"/><NavigationProperty FromRole="FromRole_HeaderItemDetails" Name="HeaderItemDetails" Relationship="GBAPP_PRAPPROVAL.HeaderItemDetails"
					ToRole="ToRole_HeaderItemDetails"/><NavigationProperty FromRole="FromRole_HeaderNotes" Name="Notes" Relationship="GBAPP_PRAPPROVAL.HeaderNotes" ToRole="ToRole_HeaderNotes"/><NavigationProperty FromRole="FromRole_HeaderAttachments" Name="Attachments" Relationship="GBAPP_PRAPPROVAL.HeaderAttachments"
					ToRole="ToRole_HeaderAttachments"/></EntityType>
			<EntityType Name="HeaderItemDetail" sap:content-version="1">
				<Key><PropertyRef Name="SAP__Origin"/><PropertyRef Name="WorkitemID"/><PropertyRef Name="PrNumber"/><PropertyRef Name="ItemNumber"/></Key><Property Name="HdItmProductDetails" Nullable="false" Type="GBAPP_PRAPPROVAL.HdItmProductDetails"/><Property Name="HdItmDeliveryAddress" Nullable="false" Type="GBAPP_PRAPPROVAL.HdItmDeliveryAddress"/><Property MaxLength="16" Name="SAP__Origin" Nullable="false" Type="Edm.String"/><Property MaxLength="12" Name="WorkitemID" Nullable="false" Type="Edm.String" sap:label="ID"/><Property MaxLength="10" Name="PrNumber" Nullable="false" Type="Edm.String" sap:label="Purch.req."/><Property MaxLength="5" Name="ItemNumber" Nullable="false" Type="Edm.String" sap:label="Requisn. item"/><Property MaxLength="10" Name="PrNumberFormatted" Type="Edm.String" sap:label="Purch.req."/><Property MaxLength="5" Name="ItemNumberFormatted" Type="Edm.String" sap:label="R/2 table"/><Property MaxLength="1" Name="ItemCategory" Type="Edm.String" sap:label="Item category"/><Property MaxLength="20" Name="ItemCategoryDescription" Type="Edm.String" sap:label="Text for ItCat."/><Property MaxLength="40" Name="Description" Type="Edm.String" sap:label="Short Text"/><Property MaxLength="14" Name="TaskType" Type="Edm.String" sap:label="Org Management obj."/><Property Name="WiCreatedAt" Precision="0" Type="Edm.DateTime" sap:label="Time Stamp"/><Property MaxLength="12" Name="ForwardedByID" Type="Edm.String" sap:label="User Name"/><Property MaxLength="40" Name="ForwardedByName" Type="Edm.String" sap:label="Char"/><Property MaxLength="12" Name="SubstitutingForID" Type="Edm.String" sap:label="User Name"/><Property MaxLength="40" Name="SubstitutingForName" Type="Edm.String" sap:label="Char"/><Property MaxLength="3" Name="Unit" Type="Edm.String" sap:label="Unit of Measure" sap:semantics="unit-of-measure"/><Property MaxLength="30" Name="UnitDescription" Type="Edm.String" sap:label="Unit text"/><Property Name="Quantity" Type="Edm.String" sap:label="String" sap:unit="Unit"/><Property Name="Value" Precision="13" Scale="13" Type="Edm.Decimal" sap:label="Total Value" sap:unit="Currency"/><Property MaxLength="5" Name="Currency" Type="Edm.String" sap:label="Currency" sap:semantics="currency-code"/><Property Name="PricePerUnit" Precision="11" Scale="11" Type="Edm.Decimal" sap:label="Valuation Price" sap:unit="CurrencyForPPU"/><Property MaxLength="5" Name="CurrencyForPPU" Type="Edm.String" sap:label="Currency" sap:semantics="currency-code"/><Property Name="QuantityForPPU" Type="Edm.String" sap:label="String" sap:unit="UnitForPPU"/><Property MaxLength="3" Name="UnitForPPU" Type="Edm.String" sap:label="Unit of Measure" sap:semantics="unit-of-measure"/><Property MaxLength="30" Name="UnitForPPUDescription" Type="Edm.String" sap:label="Unit text"/><Property MaxLength="12" Name="CreatedByID" Type="Edm.String" sap:label="User Name"/><Property MaxLength="40" Name="CreatedByName" Type="Edm.String" sap:label="Char"/><Property Name="DeliveryDate" Precision="0" Type="Edm.DateTime" sap:label="Time Stamp"/><Property MaxLength="1" Name="DeliveryDateAlsoLater" Type="Edm.String" sap:label="Indicator"/><Property Name="NumberOfNotes" Type="Edm.Int32" sap:label="Number"/><Property Name="NumberOfAttachments" Type="Edm.Int32" sap:label="Number"/><Property Name="NumberServiceLines" Type="Edm.Int32" sap:label="Number"/><Property MaxLength="10" Name="SupplierID" Type="Edm.String" sap:label="Vendor"/><Property MaxLength="35" Name="SupplierName" Type="Edm.String" sap:label="Name"/><NavigationProperty FromRole="FromRole_HeaderItemServiceLines" Name="ServiceLines" Relationship="GBAPP_PRAPPROVAL.HeaderItemServiceLines"
					ToRole="ToRole_HeaderItemServiceLines"/><NavigationProperty FromRole="FromRole_HeaderItemLimits" Name="Limits" Relationship="GBAPP_PRAPPROVAL.HeaderItemLimits"
					ToRole="ToRole_HeaderItemLimits"/><NavigationProperty FromRole="FromRole_HeaderItemAccounting" Name="Accountings" Relationship="GBAPP_PRAPPROVAL.HeaderItemAccounting"
					ToRole="ToRole_HeaderItemAccounting"/><NavigationProperty FromRole="FromRole_ItemNotes" Name="Notes" Relationship="GBAPP_PRAPPROVAL.ItemNotes" ToRole="ToRole_ItemNotes"/><NavigationProperty FromRole="FromRole_ItemAttachments" Name="Attachments" Relationship="GBAPP_PRAPPROVAL.ItemAttachments"
					ToRole="ToRole_ItemAttachments"/><NavigationProperty FromRole="FromRole_HeaderItemComponents" Name="Components" Relationship="GBAPP_PRAPPROVAL.HeaderItemComponents"
					ToRole="ToRole_HeaderItemComponents"/></EntityType>
			<EntityType Name="ServiceLine" sap:content-version="1">
				<Key><PropertyRef Name="SAP__Origin"/><PropertyRef Name="PrNumber"/><PropertyRef Name="ItemNumber"/><PropertyRef Name="ServiceLineNumber"/></Key><Property MaxLength="16" Name="SAP__Origin" Nullable="false" Type="Edm.String"/><Property MaxLength="10" Name="PrNumber" Nullable="false" Type="Edm.String" sap:label="Purch.req."/><Property MaxLength="5" Name="ItemNumber" Nullable="false" Type="Edm.String" sap:label="Requisn. item"/><Property MaxLength="10" Name="ServiceLineNumber" Nullable="false" Type="Edm.String" sap:label="Line Number"/><Property MaxLength="18" Name="ServiceID" Type="Edm.String" sap:label="Service"/><Property MaxLength="40" Name="Description" Type="Edm.String" sap:label="Short Text 1"/><Property Name="LongDescription" Type="Edm.String" sap:label="String"/><Property Name="Quantity" Type="Edm.String" sap:label="String" sap:unit="Unit"/><Property MaxLength="3" Name="Unit" Type="Edm.String" sap:label="Base Unit" sap:semantics="unit-of-measure"/><Property MaxLength="30" Name="UnitDescription" Type="Edm.String" sap:label="Unit text"/><Property Name="Value" Precision="15" Scale="14" Type="Edm.Decimal" sap:label="Net Value" sap:unit="Currency"/><Property MaxLength="5" Name="Currency" Type="Edm.String" sap:label="Currency" sap:semantics="currency-code"/><Property Name="QuantityForPPU" Type="Edm.String" sap:label="String" sap:unit="UnitForPPU"/><Property Name="PricePerUnit" Precision="15" Scale="14" Type="Edm.Decimal" sap:label="Net Value" sap:unit="CurrencyForPPU"/><Property MaxLength="3" Name="UnitForPPU" Type="Edm.String" sap:label="Base Unit" sap:semantics="unit-of-measure"/><Property MaxLength="30" Name="UnitForPPUDescription" Type="Edm.String" sap:label="Unit text"/><Property MaxLength="5" Name="CurrencyForPPU" Type="Edm.String" sap:label="Currency" sap:semantics="currency-code"/><NavigationProperty FromRole="FromRole_ServiceLineAccountings" Name="Accountings" Relationship="GBAPP_PRAPPROVAL.ServiceLineAccountings"
					ToRole="ToRole_ServiceLineAccountings"/></EntityType>
			<EntityType Name="Limit" sap:content-version="1">
				<Key><PropertyRef Name="SAP__Origin"/><PropertyRef Name="PrNumber"/><PropertyRef Name="ItemNumber"/></Key><Property MaxLength="16" Name="SAP__Origin" Nullable="false" Type="Edm.String"/><Property MaxLength="10" Name="PrNumber" Nullable="false" Type="Edm.String" sap:label="Purch.req."/><Property MaxLength="5" Name="ItemNumber" Nullable="false" Type="Edm.String" sap:label="Requisn. item"/><Property MaxLength="40" Name="LimitDescription" Type="Edm.String" sap:label="Short Text"/><Property Name="ValueLimit" Precision="13" Scale="13" Type="Edm.Decimal" sap:label="Overall Limit" sap:unit="Currency"/><Property MaxLength="1" Name="IsValueUnLimited" Type="Edm.String" sap:label="No Limit"/><Property Name="ExpectedValue" Precision="13" Scale="13" Type="Edm.Decimal" sap:label="Expected Value" sap:unit="Currency"/><Property MaxLength="5" Name="Currency" Type="Edm.String" sap:label="Currency" sap:semantics="currency-code"/><NavigationProperty FromRole="FromRole_LimitAccountings" Name="Accountings" Relationship="GBAPP_PRAPPROVAL.LimitAccountings"
					ToRole="ToRole_LimitAccountings"/></EntityType>
			<EntityType Name="Accounting" sap:content-version="1">
				<Key><PropertyRef Name="SAP__Origin"/><PropertyRef Name="PrNumber"/><PropertyRef Name="ItemNumber"/><PropertyRef Name="AccountLineNumber"/></Key><Property MaxLength="16" Name="SAP__Origin" Nullable="false" Type="Edm.String"/><Property MaxLength="10" Name="PrNumber" Nullable="false" Type="Edm.String" sap:label="Purch.req."/><Property MaxLength="5" Name="ItemNumber" Nullable="false" Type="Edm.String" sap:label="Requisn. item"/><Property MaxLength="22" Name="AccountLineNumber" Nullable="false" Type="Edm.String" sap:label="x"/><Property MaxLength="10" Name="ServiceLineNumber" Type="Edm.String" sap:label="Line Number"/><Property MaxLength="1" Name="AccountCategory" Type="Edm.String" sap:label="Acct.assig.cat."/><Property MaxLength="20" Name="AccountCategoryDescription" Type="Edm.String" sap:label="Description"/><Property MaxLength="24" Name="AccountNumber" Type="Edm.String" sap:label="Text 24"/><Property MaxLength="50" Name="AccountDescription" Type="Edm.String" sap:label="Explanation"/><Property MaxLength="5" Name="DistributionPercentage" Type="Edm.String" sap:label="R/2 table"/><Property MaxLength="25" Name="GlAccountNumber" Type="Edm.String" sap:label="Field"/><Property MaxLength="50" Name="GlAccountDescription" Type="Edm.String" sap:label="Long Text"/><Property MaxLength="10" Name="CostCentre" Type="Edm.String" sap:label="Cost Center"/><Property MaxLength="1" Name="CostCentreIndicator" Type="Edm.String" sap:label="Single-Character Flag"/><Property MaxLength="50" Name="CostCentreDescription" Type="Edm.String" sap:label="Explanation"/><Property MaxLength="24" Name="WBSElement" Type="Edm.String" sap:label="Text 24"/><Property MaxLength="1" Name="WBSElementIndicator" Type="Edm.String" sap:label="Single-Character Flag"/><Property MaxLength="50" Name="WBSElementDescription" Type="Edm.String" sap:label="Explanation"/><Property MaxLength="12" Name="Network" Type="Edm.String" sap:label="Network"/><Property MaxLength="1" Name="NetworkIndicator" Type="Edm.String" sap:label="Single-Character Flag"/><Property MaxLength="50" Name="NetworkDescription" Type="Edm.String" sap:label="Explanation"/><Property MaxLength="12" Name="Order" Type="Edm.String" sap:label="Order"/><Property MaxLength="1" Name="OrderIndicator" Type="Edm.String" sap:label="Single-Character Flag"/><Property MaxLength="50" Name="OrderDescription" Type="Edm.String" sap:label="Explanation"/><Property MaxLength="10" Name="SalesOrder" Type="Edm.String" sap:label="Sales document"/><Property MaxLength="6" Name="SalesOrderItem" Type="Edm.String" sap:label="Sales doc. item"/><Property MaxLength="4" Name="SalesOrderScheduleLine" Type="Edm.String" sap:label="Schedule line"/><Property MaxLength="1" Name="SalesOrderIndicator" Type="Edm.String" sap:label="Single-Character Flag"/><Property MaxLength="50" Name="SalesOrderDescription" Type="Edm.String" sap:label="Explanation"/><Property MaxLength="12" Name="Asset" Type="Edm.String" sap:label="Asset"/><Property MaxLength="4" Name="AssetSubNumber" Type="Edm.String" sap:label="Sub-number"/><Property MaxLength="1" Name="AssetIndicator" Type="Edm.String" sap:label="Single-Character Flag"/><Property MaxLength="50" Name="AssetDescription" Type="Edm.String" sap:label="Explanation"/><Property MaxLength="10" Name="ProfitCenter" Type="Edm.String" sap:label="Profit Center"/><Property MaxLength="50" Name="ProfitCenterDescription" Type="Edm.String" sap:label="Explanation"/></EntityType>
			<EntityType Name="Note" sap:content-version="1">
				<Key><PropertyRef Name="SAP__Origin"/><PropertyRef Name="PrNumber"/><PropertyRef Name="ItemNumber"/><PropertyRef Name="Type"/><PropertyRef Name="NoteID"/></Key><Property MaxLength="16" Name="SAP__Origin" Nullable="false" Type="Edm.String"/><Property MaxLength="10" Name="PrNumber" Nullable="false" Type="Edm.String" sap:label="Object ID"/><Property MaxLength="5" Name="ItemNumber" Nullable="false" Type="Edm.String" sap:label="Line ID"/><Property MaxLength="4" Name="Type" Nullable="false" Type="Edm.String" sap:label="Text ID"/><Property MaxLength="3" Name="NoteID" Nullable="false" Type="Edm.String" sap:label="3-Byte field"/><Property MaxLength="30" Name="TypeDescription" Type="Edm.String" sap:label="Description"/><Property MaxLength="12" Name="CreatedByID" Type="Edm.String" sap:label="User Name"/><Property MaxLength="40" Name="CreatedByName" Type="Edm.String" sap:label="Char"/><Property Name="CreatedAt" Precision="0" Type="Edm.DateTime" sap:label="Time Stamp"/><Property Name="Text" Type="Edm.String" sap:label="String"/><Property Name="NoteIsApproverNote" Type="Edm.Boolean" sap:label="Indicator"/></EntityType>
			<EntityType Name="Attachment" m:HasStream="true" sap:content-version="1">
				<Key><PropertyRef Name="SAP__Origin"/><PropertyRef Name="AttachmentGuid"/></Key><Property MaxLength="16" Name="SAP__Origin" Nullable="false" Type="Edm.String"/><Property MaxLength="46" Name="AttachmentGuid" Nullable="false" Type="Edm.String" sap:label="Folder Entry ID (Obj+Fol+Forwarder Name)"/><Property MaxLength="10" Name="PrNumber" Type="Edm.String" sap:label="Object ID"/><Property MaxLength="5" Name="ItemNumber" Type="Edm.String" sap:label="Line ID"/><Property MaxLength="40" Name="Description" Type="Edm.String" sap:label="Description"/><Property MaxLength="255" Name="FileName" Type="Edm.String" sap:label="Component name"/><Property MaxLength="128" Name="MimeType" Type="Edm.String" sap:label="MIME type"/><Property MaxLength="12" Name="FileSize" Type="Edm.String" sap:label="Size of SAPoffice Document (for API1)"/><Property MaxLength="12" Name="CreatedByID" Type="Edm.String" sap:label="User Name"/><Property MaxLength="40" Name="CreatedByName" Type="Edm.String" sap:label="Char"/><Property Name="CreatedAt" Precision="0" Type="Edm.DateTime" sap:label="Time Stamp"/></EntityType>
			<EntityType Name="UserDetails" m:HasStream="true" sap:content-version="1">
				<Key><PropertyRef Name="SAP__Origin"/><PropertyRef Name="UserID"/></Key><Property MaxLength="16" Name="SAP__Origin" Nullable="false" Type="Edm.String"/><Property MaxLength="12" Name="UserID" Nullable="false" Type="Edm.String" sap:label="User"/><Property MaxLength="40" Name="FirstName" Type="Edm.String" sap:label="First name"/><Property MaxLength="40" Name="LastName" Type="Edm.String" sap:label="Last name"/><Property MaxLength="80" Name="FullName" Type="Edm.String" sap:label="Complete name"/><Property MaxLength="40" Name="Department" Type="Edm.String" sap:label="Department"/><Property MaxLength="241" Name="EMail" Type="Edm.String" sap:label="E-Mail Address" sap:semantics="email"/><Property MaxLength="30" Name="WorkPhone" Type="Edm.String" sap:label="Telephone" sap:semantics="tel;type=cell"/><Property MaxLength="30" Name="MobilePhone" Type="Edm.String" sap:label="Telephone" sap:semantics="tel;type=work"/><Property MaxLength="42" Name="CompanyName" Type="Edm.String" sap:label="Company"/><Property Name="AddressString" Type="Edm.String" sap:label="Address"/><Property MaxLength="128" Name="MimeType" Type="Edm.String" sap:label="MIME Type"/></EntityType>
			<EntityType Name="ForwardingAgent" m:HasStream="true" sap:content-version="1">
				<Key><PropertyRef Name="SAP__Origin"/><PropertyRef Name="UserId"/></Key><Property MaxLength="16" Name="SAP__Origin" Nullable="false" Type="Edm.String"/><Property MaxLength="12" Name="UserId" Nullable="false" Type="Edm.String" sap:label="User Name"/><Property Name="SearchForText" Type="Edm.String" sap:label="String"/><Property MaxLength="40" Name="FullName" Type="Edm.String" sap:label="Char"/><Property MaxLength="241" Name="EMail" Type="Edm.String" sap:label="E-Mail Address"/><Property MaxLength="40" Name="Department" Type="Edm.String" sap:label="Department"/><Property MaxLength="10" Name="Building" Type="Edm.String" sap:label="Building code"/><Property MaxLength="10" Name="Roomnumber" Type="Edm.String" sap:label="Room Number"/><Property Name="TotalNumUsers" Type="Edm.Int32" sap:label="Number"/><Property MaxLength="128" Name="MimeType" Type="Edm.String" sap:label="MIME Type"/></EntityType>
			<EntityType Name="SupplierDetail" m:HasStream="true" sap:content-version="1">
				<Key><PropertyRef Name="SAP__Origin"/><PropertyRef Name="SupplierID"/></Key><Property MaxLength="16" Name="SAP__Origin" Nullable="false" Type="Edm.String"/><Property MaxLength="10" Name="SupplierID" Nullable="false" Type="Edm.String" sap:label="Vendor"/><Property MaxLength="35" Name="SupplierName" Type="Edm.String" sap:label="Name"/><Property Name="AddressString" Type="Edm.String" sap:label="Address"/><Property MaxLength="30" Name="WorkPhone" Type="Edm.String" sap:label="Telephone no."/><Property MaxLength="30" Name="Fax" Type="Edm.String" sap:label="Fax number"/><Property MaxLength="241" Name="EMail" Type="Edm.String" sap:label="E-Mail Address"/><Property MaxLength="2048" Name="WebSite" Type="Edm.String" sap:label="URI"/><Property MaxLength="128" Name="MimeType" Type="Edm.String" sap:label="MIME Type"/><NavigationProperty FromRole="FromRole_SupplierContacts" Name="SupplierContacts" Relationship="GBAPP_PRAPPROVAL.SupplierContacts"
					ToRole="ToRole_SupplierContacts"/></EntityType>
			<EntityType Name="SupplierContact" m:HasStream="true" sap:content-version="1">
				<Key><PropertyRef Name="SAP__Origin"/><PropertyRef Name="SupplierID"/><PropertyRef Name="ContactID"/></Key><Property MaxLength="16" Name="SAP__Origin" Nullable="false" Type="Edm.String"/><Property MaxLength="10" Name="SupplierID" Nullable="false" Type="Edm.String" sap:label="Vendor"/><Property MaxLength="10" Name="ContactID" Nullable="false" Type="Edm.String" sap:label="Contact Person"/><Property MaxLength="35" Name="ContactName" Type="Edm.String" sap:label="Name"/><Property MaxLength="20" Name="Department" Type="Edm.String" sap:label="Description"/><Property MaxLength="20" Name="Function" Type="Edm.String" sap:label="Description"/><Property MaxLength="30" Name="MobilePhone" Type="Edm.String" sap:label="Telephone no."/><Property MaxLength="30" Name="WorkPhone" Type="Edm.String" sap:label="Telephone no."/><Property MaxLength="241" Name="EMail" Type="Edm.String" sap:label="E-Mail Address"/><Property MaxLength="35" Name="CompanyName" Type="Edm.String" sap:label="Name"/><Property MaxLength="80" Name="AddressString" Type="Edm.String" sap:label="Short form of the formatted address for the data medium"/><Property MaxLength="128" Name="MimeType" Type="Edm.String" sap:label="MIME Type"/></EntityType>
			<EntityType Name="Component" sap:content-version="1">
				<Key><PropertyRef Name="SAP__Origin"/><PropertyRef Name="PrNumber"/><PropertyRef Name="ItemNumber"/><PropertyRef Name="ComponentID"/></Key><Property MaxLength="16" Name="SAP__Origin" Nullable="false" Type="Edm.String"/><Property MaxLength="10" Name="PrNumber" Nullable="false" Type="Edm.String" sap:label="Object ID"/><Property MaxLength="5" Name="ItemNumber" Nullable="false" Type="Edm.String" sap:label="Line ID"/><Property MaxLength="4" Name="ComponentID" Nullable="false" Type="Edm.String" sap:label="Item no."/><Property MaxLength="18" Name="Material" Type="Edm.String" sap:label="Material"/><Property MaxLength="40" Name="Description" Type="Edm.String" sap:label="Description"/><Property Name="Quantity" Precision="13" Scale="13" Type="Edm.Decimal" sap:label="Requirement qty" sap:unit="BaseUnitCode"/><Property MaxLength="3" Name="BaseUnitCode" Type="Edm.String" sap:label="Base Unit" sap:semantics="unit-of-measure"/><Property MaxLength="30" Name="BaseUnitDescription" Type="Edm.String" sap:label="Unit text"/></EntityType>
			<ComplexType Name="ProductDetails"><Property MaxLength="1" Name="ItemType" Type="Edm.String" sap:label="Item category"/><Property MaxLength="18" Name="MaterialID" Type="Edm.String" sap:label="Material"/><Property MaxLength="20" Name="MaterialGroupDescription" Type="Edm.String" sap:label="Material Group"/><Property MaxLength="9" Name="MaterialGroup" Type="Edm.String" sap:label="Material Group"/></ComplexType>
			<ComplexType Name="DeliveryAddress"><Property MaxLength="4" Name="Plant" Type="Edm.String" sap:label="Plant"/><Property MaxLength="40" Name="PlantName" Type="Edm.String" sap:label="Name"/><Property MaxLength="10" Name="CustomerId" Type="Edm.String" sap:label="Customer"/><Property MaxLength="40" Name="CustomerName" Type="Edm.String" sap:label="Name"/><Property Name="AddressString" Type="Edm.String" sap:label="String"/></ComplexType>
			<ComplexType Name="HeaderAcc"><Property MaxLength="20" Name="AccountCategoryDescription" Type="Edm.String" sap:label="Name"/><Property MaxLength="24" Name="AccountNumber" Type="Edm.String" sap:label="Text 24"/><Property MaxLength="50" Name="AccountDescription" Type="Edm.String" sap:label="Explanation"/><Property MaxLength="10" Name="GlAccountNumber" Type="Edm.String" sap:label="G/L Account"/><Property MaxLength="50" Name="GlAccountDescription" Type="Edm.String" sap:label="Long Text"/><Property MaxLength="1" Name="CumulatedAccountingTypeCode" Type="Edm.String" sap:label="Acc.TypeCode"/><Property MaxLength="60" Name="CumulatedAccountingTypeCodeName" Type="Edm.String" sap:label="Short text"/><Property MaxLength="10" Name="CostCentre" Type="Edm.String" sap:label="Cost Center"/><Property MaxLength="1" Name="CostCentreIndicator" Type="Edm.String" sap:label="Single-Character Flag"/><Property MaxLength="50" Name="CostCentreDescription" Type="Edm.String" sap:label="Explanation"/><Property MaxLength="24" Name="WBSElement" Type="Edm.String" sap:label="Text 24"/><Property MaxLength="1" Name="WBSElementIndicator" Type="Edm.String" sap:label="Single-Character Flag"/><Property MaxLength="50" Name="WBSElementDescription" Type="Edm.String" sap:label="Explanation"/><Property MaxLength="12" Name="Network" Type="Edm.String" sap:label="Network"/><Property MaxLength="1" Name="NetworkIndicator" Type="Edm.String" sap:label="Single-Character Flag"/><Property MaxLength="50" Name="NetworkDescription" Type="Edm.String" sap:label="Explanation"/><Property MaxLength="12" Name="Order" Type="Edm.String" sap:label="Order"/><Property MaxLength="1" Name="OrderIndicator" Type="Edm.String" sap:label="Single-Character Flag"/><Property MaxLength="50" Name="OrderDescription" Type="Edm.String" sap:label="Explanation"/><Property MaxLength="10" Name="SalesOrder" Type="Edm.String" sap:label="Sales document"/><Property MaxLength="6" Name="SalesOrderItem" Type="Edm.String" sap:label="Sales doc. item"/><Property MaxLength="4" Name="SalesOrderScheduleLine" Type="Edm.String" sap:label="Schedule line"/><Property MaxLength="1" Name="SalesOrderIndicator" Type="Edm.String" sap:label="Single-Character Flag"/><Property MaxLength="50" Name="SalesOrderDescription" Type="Edm.String" sap:label="Explanation"/><Property MaxLength="12" Name="Asset" Type="Edm.String" sap:label="Asset"/><Property MaxLength="4" Name="AssetSubNumber" Type="Edm.String" sap:label="Sub-number"/><Property MaxLength="1" Name="AssetIndicator" Type="Edm.String" sap:label="Single-Character Flag"/><Property MaxLength="50" Name="AssetDescription" Type="Edm.String" sap:label="Explanation"/><Property MaxLength="10" Name="ProfitCenter" Type="Edm.String" sap:label="Profit Center"/><Property MaxLength="50" Name="ProfitCenterDescription" Type="Edm.String" sap:label="Explanation"/></ComplexType>
			<ComplexType Name="HdDeliveryAddress"><Property MaxLength="4" Name="Plant" Type="Edm.String" sap:label="Plant"/><Property MaxLength="40" Name="PlantName" Type="Edm.String" sap:label="Name"/><Property MaxLength="10" Name="CustomerId" Type="Edm.String" sap:label="Customer"/><Property MaxLength="40" Name="CustomerName" Type="Edm.String" sap:label="Name"/><Property Name="AddressString" Type="Edm.String" sap:label="String"/></ComplexType>
			<ComplexType Name="HdItmProductDetails"><Property MaxLength="1" Name="ItemType" Type="Edm.String" sap:label="Item category"/><Property MaxLength="18" Name="MaterialID" Type="Edm.String" sap:label="Material"/><Property MaxLength="20" Name="MaterialGroupDescription" Type="Edm.String" sap:label="Material Group"/><Property MaxLength="9" Name="MaterialGroup" Type="Edm.String" sap:label="Material Group"/></ComplexType>
			<ComplexType Name="HdItmDeliveryAddress"><Property MaxLength="4" Name="Plant" Type="Edm.String" sap:label="Plant"/><Property MaxLength="40" Name="PlantName" Type="Edm.String" sap:label="Name"/><Property MaxLength="10" Name="CustomerId" Type="Edm.String" sap:label="Customer"/><Property MaxLength="40" Name="CustomerName" Type="Edm.String" sap:label="Name"/><Property Name="AddressString" Type="Edm.String" sap:label="String"/></ComplexType>
			<ComplexType Name="ActionResult"><Property MaxLength="1" Name="ActionSuccessful" Type="Edm.String" sap:label="X Flag"/><Property MaxLength="255" Name="Message" Type="Edm.String" sap:label="Char255"/><Property Name="MsgToUsr" Type="Edm.String" sap:label="String"/></ComplexType>
			<Association Name="ServiceLineAccountings" sap:content-version="1"><End Multiplicity="1" Role="FromRole_ServiceLineAccountings" Type="GBAPP_PRAPPROVAL.ServiceLine"/><End Multiplicity="*" Role="ToRole_ServiceLineAccountings" Type="GBAPP_PRAPPROVAL.Accounting"/></Association>
			<Association Name="HeaderItemServiceLines" sap:content-version="1"><End Multiplicity="1" Role="FromRole_HeaderItemServiceLines" Type="GBAPP_PRAPPROVAL.HeaderItemDetail"/><End Multiplicity="*" Role="ToRole_HeaderItemServiceLines" Type="GBAPP_PRAPPROVAL.ServiceLine"/></Association>
			<Association Name="HeaderItemLimits" sap:content-version="1"><End Multiplicity="1" Role="FromRole_HeaderItemLimits" Type="GBAPP_PRAPPROVAL.HeaderItemDetail"/><End Multiplicity="*" Role="ToRole_HeaderItemLimits" Type="GBAPP_PRAPPROVAL.Limit"/></Association>
			<Association Name="HeaderItemAccounting" sap:content-version="1"><End Multiplicity="1" Role="FromRole_HeaderItemAccounting" Type="GBAPP_PRAPPROVAL.HeaderItemDetail"/><End Multiplicity="*" Role="ToRole_HeaderItemAccounting" Type="GBAPP_PRAPPROVAL.Accounting"/></Association>
			<Association Name="ItemNotes" sap:content-version="1"><End Multiplicity="1" Role="FromRole_ItemNotes" Type="GBAPP_PRAPPROVAL.HeaderItemDetail"/><End Multiplicity="*" Role="ToRole_ItemNotes" Type="GBAPP_PRAPPROVAL.Note"/></Association>
			<Association Name="ItemAttachments" sap:content-version="1"><End Multiplicity="1" Role="FromRole_ItemAttachments" Type="GBAPP_PRAPPROVAL.HeaderItemDetail"/><End Multiplicity="*" Role="ToRole_ItemAttachments" Type="GBAPP_PRAPPROVAL.Attachment"/></Association>
			<Association Name="HeaderItemComponents" sap:content-version="1"><End Multiplicity="1" Role="FromRole_HeaderItemComponents" Type="GBAPP_PRAPPROVAL.HeaderItemDetail"/><End Multiplicity="*" Role="ToRole_HeaderItemComponents" Type="GBAPP_PRAPPROVAL.Component"/></Association>
			<Association Name="ItemDetails" sap:content-version="1"><End Multiplicity="1" Role="FromRole_ItemDetails" Type="GBAPP_PRAPPROVAL.WorkflowTask"/><End Multiplicity="1" Role="ToRole_ItemDetails" Type="GBAPP_PRAPPROVAL.ItemDetail"/></Association>
			<Association Name="HeaderDetails" sap:content-version="1"><End Multiplicity="1" Role="FromRole_HeaderDetails" Type="GBAPP_PRAPPROVAL.WorkflowTask"/><End Multiplicity="1" Role="ToRole_HeaderDetails" Type="GBAPP_PRAPPROVAL.HeaderDetail"/></Association>
			<Association Name="ServiceLines" sap:content-version="1"><End Multiplicity="1" Role="FromRole_ServiceLines" Type="GBAPP_PRAPPROVAL.ItemDetail"/><End Multiplicity="*" Role="ToRole_ServiceLines" Type="GBAPP_PRAPPROVAL.ServiceLine"/></Association>
			<Association Name="Limits" sap:content-version="1"><End Multiplicity="1" Role="FromRole_Limits" Type="GBAPP_PRAPPROVAL.ItemDetail"/><End Multiplicity="*" Role="ToRole_Limits" Type="GBAPP_PRAPPROVAL.Limit"/></Association>
			<Association Name="Accountings" sap:content-version="1"><End Multiplicity="1" Role="FromRole_Accountings" Type="GBAPP_PRAPPROVAL.ItemDetail"/><End Multiplicity="*" Role="ToRole_Accountings" Type="GBAPP_PRAPPROVAL.Accounting"/></Association>
			<Association Name="Notes" sap:content-version="1"><End Multiplicity="1" Role="FromRole_Notes" Type="GBAPP_PRAPPROVAL.ItemDetail"/><End Multiplicity="*" Role="ToRole_Notes" Type="GBAPP_PRAPPROVAL.Note"/></Association>
			<Association Name="Attachments" sap:content-version="1"><End Multiplicity="1" Role="FromRole_Attachments" Type="GBAPP_PRAPPROVAL.ItemDetail"/><End Multiplicity="*" Role="ToRole_Attachments" Type="GBAPP_PRAPPROVAL.Attachment"/></Association>
			<Association Name="Components" sap:content-version="1"><End Multiplicity="1" Role="FromRole_Components" Type="GBAPP_PRAPPROVAL.ItemDetail"/><End Multiplicity="*" Role="ToRole_Components" Type="GBAPP_PRAPPROVAL.Component"/></Association>
			<Association Name="SupplierContacts" sap:content-version="1"><End Multiplicity="1" Role="FromRole_SupplierContacts" Type="GBAPP_PRAPPROVAL.SupplierDetail"/><End Multiplicity="*" Role="ToRole_SupplierContacts" Type="GBAPP_PRAPPROVAL.SupplierContact"/></Association>
			<Association Name="LimitAccountings" sap:content-version="1"><End Multiplicity="1" Role="FromRole_LimitAccountings" Type="GBAPP_PRAPPROVAL.Limit"/><End Multiplicity="*" Role="ToRole_LimitAccountings" Type="GBAPP_PRAPPROVAL.Accounting"/></Association>
			<Association Name="HeaderItemDetails" sap:content-version="1"><End Multiplicity="1" Role="FromRole_HeaderItemDetails" Type="GBAPP_PRAPPROVAL.HeaderDetail"/><End Multiplicity="*" Role="ToRole_HeaderItemDetails" Type="GBAPP_PRAPPROVAL.HeaderItemDetail"/></Association>
			<Association Name="HeaderNotes" sap:content-version="1"><End Multiplicity="1" Role="FromRole_HeaderNotes" Type="GBAPP_PRAPPROVAL.HeaderDetail"/><End Multiplicity="*" Role="ToRole_HeaderNotes" Type="GBAPP_PRAPPROVAL.Note"/></Association>
			<Association Name="HeaderAttachments" sap:content-version="1"><End Multiplicity="1" Role="FromRole_HeaderAttachments" Type="GBAPP_PRAPPROVAL.HeaderDetail"/><End Multiplicity="*" Role="ToRole_HeaderAttachments" Type="GBAPP_PRAPPROVAL.Attachment"/></Association>
			<EntityContainer Name="GBAPP_PRAPPROVAL_Entities" m:IsDefaultEntityContainer="true" sap:supported-formats="atom json"><EntitySet EntityType="GBAPP_PRAPPROVAL.HeaderDetail" Name="HeaderDetailCollection" sap:addressable="false" sap:content-version="1"
				sap:creatable="false" sap:deletable="false" sap:pageable="false" sap:updatable="false"/><EntitySet EntityType="GBAPP_PRAPPROVAL.HeaderItemDetail" Name="HeaderItemDetailCollection" sap:addressable="false" sap:content-version="1"
				sap:creatable="false" sap:deletable="false" sap:updatable="false"/><EntitySet EntityType="GBAPP_PRAPPROVAL.ServiceLine" Name="ServiceLineCollection" sap:addressable="false" sap:content-version="1"
				sap:creatable="false" sap:deletable="false" sap:updatable="false"/><EntitySet EntityType="GBAPP_PRAPPROVAL.Limit" Name="LimitCollection" sap:addressable="false" sap:content-version="1" sap:creatable="false"
				sap:deletable="false" sap:updatable="false"/><EntitySet EntityType="GBAPP_PRAPPROVAL.Accounting" Name="AccountingCollection" sap:addressable="false" sap:content-version="1"
				sap:creatable="false" sap:deletable="false" sap:updatable="false"/><EntitySet EntityType="GBAPP_PRAPPROVAL.Note" Name="NotesCollection" sap:content-version="1"/><EntitySet EntityType="GBAPP_PRAPPROVAL.Attachment" Name="AttachmentCollection" sap:content-version="1" sap:requires-filter="true"/><EntitySet EntityType="GBAPP_PRAPPROVAL.UserDetails" Name="UserDetailsCollection" sap:content-version="1" sap:requires-filter="true"/><EntitySet EntityType="GBAPP_PRAPPROVAL.ForwardingAgent" Name="ForwardingAgentCollection" sap:content-version="1"/><EntitySet EntityType="GBAPP_PRAPPROVAL.SupplierDetail" Name="SupplierDetailCollection" sap:content-version="1"/><EntitySet EntityType="GBAPP_PRAPPROVAL.SupplierContact" Name="SupplierContactCollection" sap:content-version="1"/><EntitySet EntityType="GBAPP_PRAPPROVAL.Component" Name="ComponentCollection" sap:content-version="1"/><EntitySet EntityType="GBAPP_PRAPPROVAL.Subscription" Name="SubscriptionCollection" sap:content-version="1"/><EntitySet EntityType="GBAPP_PRAPPROVAL.Notification" Name="NotificationCollection" sap:addressable="false" sap:content-version="1"
				sap:creatable="false" sap:deletable="false" sap:updatable="false"/><EntitySet EntityType="GBAPP_PRAPPROVAL.LaunchPage" Name="LaunchPageCollection" sap:content-version="1"/><EntitySet EntityType="GBAPP_PRAPPROVAL.WorkflowTask" Name="WorkflowTaskCollection" sap:addressable="false" sap:content-version="1"
				sap:creatable="false" sap:deletable="false" sap:pageable="false" sap:requires-filter="true" sap:updatable="false"/><EntitySet EntityType="GBAPP_PRAPPROVAL.ItemDetail" Name="ItemDetailCollection" sap:addressable="false" sap:content-version="1"
				sap:creatable="false" sap:deletable="false" sap:pageable="false" sap:updatable="false"/>
				<AssociationSet Association="GBAPP_PRAPPROVAL.HeaderItemServiceLines" Name="HeaderItemServiceLines_AssocSet" sap:content-version="1"
					sap:creatable="false" sap:deletable="false" sap:updatable="false"><End EntitySet="HeaderItemDetailCollection" Role="FromRole_HeaderItemServiceLines"/><End EntitySet="ServiceLineCollection" Role="ToRole_HeaderItemServiceLines"/></AssociationSet>
				<AssociationSet Association="GBAPP_PRAPPROVAL.HeaderItemAccounting" Name="HeaderItemAccounting_AssocSet" sap:content-version="1"
					sap:creatable="false" sap:deletable="false" sap:updatable="false"><End EntitySet="HeaderItemDetailCollection" Role="FromRole_HeaderItemAccounting"/><End EntitySet="AccountingCollection" Role="ToRole_HeaderItemAccounting"/></AssociationSet>
				<AssociationSet Association="GBAPP_PRAPPROVAL.HeaderItemLimits" Name="HeaderItemLimits_AssocSet" sap:content-version="1"
					sap:creatable="false" sap:deletable="false" sap:updatable="false"><End EntitySet="HeaderItemDetailCollection" Role="FromRole_HeaderItemLimits"/><End EntitySet="LimitCollection" Role="ToRole_HeaderItemLimits"/></AssociationSet>
				<AssociationSet Association="GBAPP_PRAPPROVAL.HeaderNotes" Name="HeaderNotes_AssocSet" sap:content-version="1" sap:creatable="false"
					sap:deletable="false" sap:updatable="false"><End EntitySet="HeaderDetailCollection" Role="FromRole_HeaderNotes"/><End EntitySet="NotesCollection" Role="ToRole_HeaderNotes"/></AssociationSet>
				<AssociationSet Association="GBAPP_PRAPPROVAL.Attachments" Name="Attachments_AssocSet" sap:content-version="1" sap:creatable="false"
					sap:deletable="false" sap:updatable="false"><End EntitySet="ItemDetailCollection" Role="FromRole_Attachments"/><End EntitySet="AttachmentCollection" Role="ToRole_Attachments"/></AssociationSet>
				<AssociationSet Association="GBAPP_PRAPPROVAL.SupplierContacts" Name="SupplierContacts_AssocSet" sap:content-version="1"
					sap:creatable="false" sap:deletable="false" sap:updatable="false"><End EntitySet="SupplierDetailCollection" Role="FromRole_SupplierContacts"/><End EntitySet="SupplierContactCollection" Role="ToRole_SupplierContacts"/></AssociationSet>
				<AssociationSet Association="GBAPP_PRAPPROVAL.ItemAttachments" Name="ItemAttachments_AssocSet" sap:content-version="1" sap:creatable="false"
					sap:deletable="false" sap:updatable="false"><End EntitySet="HeaderItemDetailCollection" Role="FromRole_ItemAttachments"/><End EntitySet="AttachmentCollection" Role="ToRole_ItemAttachments"/></AssociationSet>
				<AssociationSet Association="GBAPP_PRAPPROVAL.ServiceLineAccountings" Name="ServiceLineAccountings_AssocSet" sap:content-version="1"
					sap:creatable="false" sap:deletable="false" sap:updatable="false"><End EntitySet="ServiceLineCollection" Role="FromRole_ServiceLineAccountings"/><End EntitySet="AccountingCollection" Role="ToRole_ServiceLineAccountings"/></AssociationSet>
				<AssociationSet Association="GBAPP_PRAPPROVAL.ServiceLines" Name="ServiceLines_AssocSet" sap:content-version="1" sap:creatable="false"
					sap:deletable="false" sap:updatable="false"><End EntitySet="ItemDetailCollection" Role="FromRole_ServiceLines"/><End EntitySet="ServiceLineCollection" Role="ToRole_ServiceLines"/></AssociationSet>
				<AssociationSet Association="GBAPP_PRAPPROVAL.HeaderDetails" Name="HeaderDetails_AssocSet" sap:content-version="1" sap:creatable="false"
					sap:deletable="false" sap:updatable="false"><End EntitySet="WorkflowTaskCollection" Role="FromRole_HeaderDetails"/><End EntitySet="HeaderDetailCollection" Role="ToRole_HeaderDetails"/></AssociationSet>
				<AssociationSet Association="GBAPP_PRAPPROVAL.Notes" Name="Notes_AssocSet" sap:content-version="1" sap:creatable="false"
					sap:deletable="false" sap:updatable="false"><End EntitySet="ItemDetailCollection" Role="FromRole_Notes"/><End EntitySet="NotesCollection" Role="ToRole_Notes"/></AssociationSet>
				<AssociationSet Association="GBAPP_PRAPPROVAL.HeaderItemComponents" Name="HeaderItemComponents_AssocSet" sap:content-version="1"
					sap:creatable="false" sap:deletable="false" sap:updatable="false"><End EntitySet="HeaderItemDetailCollection" Role="FromRole_HeaderItemComponents"/><End EntitySet="ComponentCollection" Role="ToRole_HeaderItemComponents"/></AssociationSet>
				<AssociationSet Association="GBAPP_PRAPPROVAL.Limits" Name="Limits_AssocSet" sap:content-version="1" sap:creatable="false"
					sap:deletable="false" sap:updatable="false"><End EntitySet="ItemDetailCollection" Role="FromRole_Limits"/><End EntitySet="LimitCollection" Role="ToRole_Limits"/></AssociationSet>
				<AssociationSet Association="GBAPP_PRAPPROVAL.HeaderAttachments" Name="HeaderAttachments_AssocSet" sap:content-version="1"
					sap:creatable="false" sap:deletable="false" sap:updatable="false"><End EntitySet="HeaderDetailCollection" Role="FromRole_HeaderAttachments"/><End EntitySet="AttachmentCollection" Role="ToRole_HeaderAttachments"/></AssociationSet>
				<AssociationSet Association="GBAPP_PRAPPROVAL.ItemNotes" Name="ItemNotes_AssocSet" sap:content-version="1" sap:creatable="false"
					sap:deletable="false" sap:updatable="false"><End EntitySet="HeaderItemDetailCollection" Role="FromRole_ItemNotes"/><End EntitySet="NotesCollection" Role="ToRole_ItemNotes"/></AssociationSet>
				<AssociationSet Association="GBAPP_PRAPPROVAL.Accountings" Name="Accountings_AssocSet" sap:content-version="1" sap:creatable="false"
					sap:deletable="false" sap:updatable="false"><End EntitySet="ItemDetailCollection" Role="FromRole_Accountings"/><End EntitySet="AccountingCollection" Role="ToRole_Accountings"/></AssociationSet>
				<AssociationSet Association="GBAPP_PRAPPROVAL.Components" Name="Components_AssocSet" sap:content-version="1" sap:creatable="false"
					sap:deletable="false" sap:updatable="false"><End EntitySet="ItemDetailCollection" Role="FromRole_Components"/><End EntitySet="ComponentCollection" Role="ToRole_Components"/></AssociationSet>
				<AssociationSet Association="GBAPP_PRAPPROVAL.LimitAccountings" Name="LimitAccountings_AssocSet" sap:content-version="1"
					sap:creatable="false" sap:deletable="false" sap:updatable="false"><End EntitySet="LimitCollection" Role="FromRole_LimitAccountings"/><End EntitySet="AccountingCollection" Role="ToRole_LimitAccountings"/></AssociationSet>
				<AssociationSet Association="GBAPP_PRAPPROVAL.HeaderItemDetails" Name="HeaderItemDetails_AssocSet" sap:content-version="1"
					sap:creatable="false" sap:deletable="false" sap:updatable="false"><End EntitySet="HeaderDetailCollection" Role="FromRole_HeaderItemDetails"/><End EntitySet="HeaderItemDetailCollection" Role="ToRole_HeaderItemDetails"/></AssociationSet>
				<AssociationSet Association="GBAPP_PRAPPROVAL.ItemDetails" Name="ItemDetails_AssocSet" sap:content-version="1" sap:creatable="false"
					sap:deletable="false" sap:updatable="false"><End EntitySet="WorkflowTaskCollection" Role="FromRole_ItemDetails"/><End EntitySet="ItemDetailCollection" Role="ToRole_ItemDetails"/></AssociationSet>
				<FunctionImport Name="ApplyDecision" ReturnType="GBAPP_PRAPPROVAL.ActionResult" m:HttpMethod="POST"
					sap:action-for="GBAPP_PRAPPROVAL.WorkflowTask"><Parameter MaxLength="16" Mode="In" Name="SAP__Origin" Nullable="true" Type="Edm.String"/><Parameter MaxLength="12" Mode="In" Name="WorkitemID" Type="Edm.String"/><Parameter MaxLength="4" Mode="In" Name="DecisionKey" Type="Edm.String"/><Parameter MaxLength="255" Mode="In" Name="Comment" Type="Edm.String"/></FunctionImport>
				<FunctionImport Name="Forward" ReturnType="GBAPP_PRAPPROVAL.ActionResult" m:HttpMethod="POST" sap:action-for="GBAPP_PRAPPROVAL.WorkflowTask"><Parameter MaxLength="16" Mode="In" Name="SAP__Origin" Nullable="true" Type="Edm.String"/><Parameter MaxLength="12" Mode="In" Name="WorkitemID" Type="Edm.String"/><Parameter MaxLength="12" Mode="In" Name="NewApprover" Type="Edm.String"/><Parameter MaxLength="255" Mode="In" Name="Comment" Type="Edm.String"/></FunctionImport>
			</EntityContainer><atom:link
				href="https://webidetestinguis2pmmrequisitionapprove-fiori.dispatcher.neo.ondemand.com/sap/opu/odata/sap/GBAPP_PRAPPROVAL;mo/$metadata"
				rel="self" xmlns:atom="http://www.w3.org/2005/Atom"/><atom:link
				href="https://webidetestinguis2pmmrequisitionapprove-fiori.dispatcher.neo.ondemand.com/sap/opu/odata/sap/GBAPP_PRAPPROVAL;mo/$metadata"
				rel="latest-version" xmlns:atom="http://www.w3.org/2005/Atom"/></Schema>
	</edmx:DataServices>
</edmx:Edmx>