[{
	"SAP__Origin": "SAP__Origin 1",
	"PrNumber": "PrNumber 1",
	"ItemNumber": "ItemNumber 1",
	"Type": "Type 1",
	"NoteID": "NoteID 1",
	"TypeDescription": "TypeDescription 1",
	"CreatedByID": "CreatedByID 1",
	"CreatedByName": "CreatedByName 1",
	"CreatedAt": "/Date(1314627084000)/",
	"Text": "Text 1",
	"NoteIsApproverNote": true,
	"__metadata": {
		"uri": "NotesCollection(SAP__Origin='SAP__Origin 1',PrNumber='PrNumber 1',ItemNumber='ItemNumber 1',Type='Type 1',NoteID='NoteID 1')",
		"type": "GBAPP_PRAPPROVAL.Note"
	}
}, {
	"SAP__Origin": "SAP__Origin 2",
	"PrNumber": "PrNumber 2",
	"ItemNumber": "ItemNumber 2",
	"Type": "Type 2",
	"NoteID": "NoteID 2",
	"TypeDescription": "TypeDescription 2",
	"CreatedByID": "CreatedByID 2",
	"CreatedByName": "CreatedByName 2",
	"CreatedAt": "/Date(1459519884000)/",
	"Text": "Text 2",
	"NoteIsApproverNote": true,
	"__metadata": {
		"uri": "NotesCollection(SAP__Origin='SAP__Origin 2',PrNumber='PrNumber 2',ItemNumber='ItemNumber 2',Type='Type 2',NoteID='NoteID 2')",
		"type": "GBAPP_PRAPPROVAL.Note"
	}
}, {
	"SAP__Origin": "SAP__Origin 3",
	"PrNumber": "PrNumber 3",
	"ItemNumber": "ItemNumber 3",
	"Type": "Type 3",
	"NoteID": "NoteID 3",
	"TypeDescription": "TypeDescription 3",
	"CreatedByID": "CreatedByID 3",
	"CreatedByName": "CreatedByName 3",
	"CreatedAt": "/Date(1424877084000)/",
	"Text": "Text 3",
	"NoteIsApproverNote": false,
	"__metadata": {
		"uri": "NotesCollection(SAP__Origin='SAP__Origin 3',PrNumber='PrNumber 3',ItemNumber='ItemNumber 3',Type='Type 3',NoteID='NoteID 3')",
		"type": "GBAPP_PRAPPROVAL.Note"
	}
}, {
	"SAP__Origin": "SAP__Origin 4",
	"PrNumber": "PrNumber 4",
	"ItemNumber": "ItemNumber 4",
	"Type": "Type 4",
	"NoteID": "NoteID 4",
	"TypeDescription": "TypeDescription 4",
	"CreatedByID": "CreatedByID 4",
	"CreatedByName": "CreatedByName 4",
	"CreatedAt": "/Date(980694684000)/",
	"Text": "Text 4",
	"NoteIsApproverNote": false,
	"__metadata": {
		"uri": "NotesCollection(SAP__Origin='SAP__Origin 4',PrNumber='PrNumber 4',ItemNumber='ItemNumber 4',Type='Type 4',NoteID='NoteID 4')",
		"type": "GBAPP_PRAPPROVAL.Note"
	}
}, {
	"SAP__Origin": "SAP__Origin 5",
	"PrNumber": "PrNumber 5",
	"ItemNumber": "ItemNumber 5",
	"Type": "Type 5",
	"NoteID": "NoteID 5",
	"TypeDescription": "TypeDescription 5",
	"CreatedByID": "CreatedByID 5",
	"CreatedByName": "CreatedByName 5",
	"CreatedAt": "/Date(1415632284000)/",
	"Text": "Text 5",
	"NoteIsApproverNote": false,
	"__metadata": {
		"uri": "NotesCollection(SAP__Origin='SAP__Origin 5',PrNumber='PrNumber 5',ItemNumber='ItemNumber 5',Type='Type 5',NoteID='NoteID 5')",
		"type": "GBAPP_PRAPPROVAL.Note"
	}
}, {
	"SAP__Origin": "SAP__Origin 6",
	"PrNumber": "PrNumber 6",
	"ItemNumber": "ItemNumber 6",
	"Type": "Type 6",
	"NoteID": "NoteID 6",
	"TypeDescription": "TypeDescription 6",
	"CreatedByID": "CreatedByID 6",
	"CreatedByName": "CreatedByName 6",
	"CreatedAt": "/Date(1516374684000)/",
	"Text": "Text 6",
	"NoteIsApproverNote": false,
	"__metadata": {
		"uri": "NotesCollection(SAP__Origin='SAP__Origin 6',PrNumber='PrNumber 6',ItemNumber='ItemNumber 6',Type='Type 6',NoteID='NoteID 6')",
		"type": "GBAPP_PRAPPROVAL.Note"
	}
}, {
	"SAP__Origin": "SAP__Origin 7",
	"PrNumber": "PrNumber 7",
	"ItemNumber": "ItemNumber 7",
	"Type": "Type 7",
	"NoteID": "NoteID 7",
	"TypeDescription": "TypeDescription 7",
	"CreatedByID": "CreatedByID 7",
	"CreatedByName": "CreatedByName 7",
	"CreatedAt": "/Date(959177484000)/",
	"Text": "Text 7",
	"NoteIsApproverNote": true,
	"__metadata": {
		"uri": "NotesCollection(SAP__Origin='SAP__Origin 7',PrNumber='PrNumber 7',ItemNumber='ItemNumber 7',Type='Type 7',NoteID='NoteID 7')",
		"type": "GBAPP_PRAPPROVAL.Note"
	}
}, {
	"SAP__Origin": "SAP__Origin 8",
	"PrNumber": "PrNumber 8",
	"ItemNumber": "ItemNumber 8",
	"Type": "Type 8",
	"NoteID": "NoteID 8",
	"TypeDescription": "TypeDescription 8",
	"CreatedByID": "CreatedByID 8",
	"CreatedByName": "CreatedByName 8",
	"CreatedAt": "/Date(1437833484000)/",
	"Text": "Text 8",
	"NoteIsApproverNote": false,
	"__metadata": {
		"uri": "NotesCollection(SAP__Origin='SAP__Origin 8',PrNumber='PrNumber 8',ItemNumber='ItemNumber 8',Type='Type 8',NoteID='NoteID 8')",
		"type": "GBAPP_PRAPPROVAL.Note"
	}
}, {
	"SAP__Origin": "SAP__Origin 9",
	"PrNumber": "PrNumber 9",
	"ItemNumber": "ItemNumber 9",
	"Type": "Type 9",
	"NoteID": "NoteID 9",
	"TypeDescription": "TypeDescription 9",
	"CreatedByID": "CreatedByID 9",
	"CreatedByName": "CreatedByName 9",
	"CreatedAt": "/Date(988899084000)/",
	"Text": "Text 9",
	"NoteIsApproverNote": false,
	"__metadata": {
		"uri": "NotesCollection(SAP__Origin='SAP__Origin 9',PrNumber='PrNumber 9',ItemNumber='ItemNumber 9',Type='Type 9',NoteID='NoteID 9')",
		"type": "GBAPP_PRAPPROVAL.Note"
	}
}, {
	"SAP__Origin": "SAP__Origin 10",
	"PrNumber": "PrNumber 10",
	"ItemNumber": "ItemNumber 10",
	"Type": "Type 10",
	"NoteID": "NoteID 10",
	"TypeDescription": "TypeDescription 10",
	"CreatedByID": "CreatedByID 10",
	"CreatedByName": "CreatedByName 10",
	"CreatedAt": "/Date(1045840284000)/",
	"Text": "Text 10",
	"NoteIsApproverNote": false,
	"__metadata": {
		"uri": "NotesCollection(SAP__Origin='SAP__Origin 10',PrNumber='PrNumber 10',ItemNumber='ItemNumber 10',Type='Type 10',NoteID='NoteID 10')",
		"type": "GBAPP_PRAPPROVAL.Note"
	}
}]