[{
	"SAP__Origin": "SAP__Origin 1",
	"ID": "ID 1",
	"collection": "collection 1",
	"title": "title 1",
	"updated": "/Date(1408803099000)/",
	"changeType": "changeType 1",
	"entriesOfInterest": 5371,
	"recipient": "recipient 1",
	"__metadata": {
		"uri": "NotificationCollection(SAP__Origin='SAP__Origin 1',ID='ID 1')",
		"type": "GBAPP_PRAPPROVAL.Notification"
	}
}, {
	"SAP__Origin": "SAP__Origin 2",
	"ID": "ID 2",
	"collection": "collection 2",
	"title": "title 2",
	"updated": "/Date(1192025499000)/",
	"changeType": "changeType 2",
	"entriesOfInterest": 8808,
	"recipient": "recipient 2",
	"__metadata": {
		"uri": "NotificationCollection(SAP__Origin='SAP__Origin 2',ID='ID 2')",
		"type": "GBAPP_PRAPPROVAL.Notification"
	}
}, {
	"SAP__Origin": "SAP__Origin 3",
	"ID": "ID 3",
	"collection": "collection 3",
	"title": "title 3",
	"updated": "/Date(1198163499000)/",
	"changeType": "changeType 3",
	"entriesOfInterest": 8136,
	"recipient": "recipient 3",
	"__metadata": {
		"uri": "NotificationCollection(SAP__Origin='SAP__Origin 3',ID='ID 3')",
		"type": "GBAPP_PRAPPROVAL.Notification"
	}
}, {
	"SAP__Origin": "SAP__Origin 4",
	"ID": "ID 4",
	"collection": "collection 4",
	"title": "title 4",
	"updated": "/Date(1477577499000)/",
	"changeType": "changeType 4",
	"entriesOfInterest": 9750,
	"recipient": "recipient 4",
	"__metadata": {
		"uri": "NotificationCollection(SAP__Origin='SAP__Origin 4',ID='ID 4')",
		"type": "GBAPP_PRAPPROVAL.Notification"
	}
}, {
	"SAP__Origin": "SAP__Origin 5",
	"ID": "ID 5",
	"collection": "collection 5",
	"title": "title 5",
	"updated": "/Date(1537539099000)/",
	"changeType": "changeType 5",
	"entriesOfInterest": 7558,
	"recipient": "recipient 5",
	"__metadata": {
		"uri": "NotificationCollection(SAP__Origin='SAP__Origin 5',ID='ID 5')",
		"type": "GBAPP_PRAPPROVAL.Notification"
	}
}, {
	"SAP__Origin": "SAP__Origin 6",
	"ID": "ID 6",
	"collection": "collection 6",
	"title": "title 6",
	"updated": "/Date(1287929499000)/",
	"changeType": "changeType 6",
	"entriesOfInterest": 8582,
	"recipient": "recipient 6",
	"__metadata": {
		"uri": "NotificationCollection(SAP__Origin='SAP__Origin 6',ID='ID 6')",
		"type": "GBAPP_PRAPPROVAL.Notification"
	}
}, {
	"SAP__Origin": "SAP__Origin 7",
	"ID": "ID 7",
	"collection": "collection 7",
	"title": "title 7",
	"updated": "/Date(1308579099000)/",
	"changeType": "changeType 7",
	"entriesOfInterest": 353,
	"recipient": "recipient 7",
	"__metadata": {
		"uri": "NotificationCollection(SAP__Origin='SAP__Origin 7',ID='ID 7')",
		"type": "GBAPP_PRAPPROVAL.Notification"
	}
}, {
	"SAP__Origin": "SAP__Origin 8",
	"ID": "ID 8",
	"collection": "collection 8",
	"title": "title 8",
	"updated": "/Date(1475071899000)/",
	"changeType": "changeType 8",
	"entriesOfInterest": 8360,
	"recipient": "recipient 8",
	"__metadata": {
		"uri": "NotificationCollection(SAP__Origin='SAP__Origin 8',ID='ID 8')",
		"type": "GBAPP_PRAPPROVAL.Notification"
	}
}, {
	"SAP__Origin": "SAP__Origin 9",
	"ID": "ID 9",
	"collection": "collection 9",
	"title": "title 9",
	"updated": "/Date(1162825899000)/",
	"changeType": "changeType 9",
	"entriesOfInterest": 7212,
	"recipient": "recipient 9",
	"__metadata": {
		"uri": "NotificationCollection(SAP__Origin='SAP__Origin 9',ID='ID 9')",
		"type": "GBAPP_PRAPPROVAL.Notification"
	}
}, {
	"SAP__Origin": "SAP__Origin 10",
	"ID": "ID 10",
	"collection": "collection 10",
	"title": "title 10",
	"updated": "/Date(1065535899000)/",
	"changeType": "changeType 10",
	"entriesOfInterest": 8385,
	"recipient": "recipient 10",
	"__metadata": {
		"uri": "NotificationCollection(SAP__Origin='SAP__Origin 10',ID='ID 10')",
		"type": "GBAPP_PRAPPROVAL.Notification"
	}
}]