[{
	"SAP__Origin": "SAP__Origin 1",
	"PrNumber": "PrNumber 1",
	"ItemNumber": "ItemNumber 1",
	"ServiceLineNumber": "ServiceLineNumber 1",
	"ServiceID": "ServiceID 1",
	"Description": "Description 1",
	"LongDescription": "LongDescription 1",
	"Quantity": "Quantity 1",
	"Unit": "Unit 1",
	"UnitDescription": "UnitDescription 1",
	"Value": 6542.81,
	"Currency": "Currency 1",
	"QuantityForPPU": "QuantityForPPU 1",
	"PricePerUnit": 5585.76,
	"UnitForPPU": "UnitForPPU 1",
	"UnitForPPUDescription": "UnitForPPUDescription 1",
	"CurrencyForPPU": "CurrencyForPPU 1",
	"__metadata": {
		"uri": "ServiceLineCollection(SAP__Origin='SAP__Origin 1',PrNumber='PrNumber 1',ItemNumber='ItemNumber 1',ServiceLineNumber='ServiceLineNumber 1')",
		"type": "GBAPP_PRAPPROVAL.ServiceLine"
	},
	"Accountings": {
		"__deferred": {
			"uri": "ServiceLineCollection(SAP__Origin='SAP__Origin 1',PrNumber='PrNumber 1',ItemNumber='ItemNumber 1',ServiceLineNumber='ServiceLineNumber 1')/Accountings"
		}
	}
}, {
	"SAP__Origin": "SAP__Origin 2",
	"PrNumber": "PrNumber 2",
	"ItemNumber": "ItemNumber 2",
	"ServiceLineNumber": "ServiceLineNumber 2",
	"ServiceID": "ServiceID 2",
	"Description": "Description 2",
	"LongDescription": "LongDescription 2",
	"Quantity": "Quantity 2",
	"Unit": "Unit 2",
	"UnitDescription": "UnitDescription 2",
	"Value": 750.82,
	"Currency": "Currency 2",
	"QuantityForPPU": "QuantityForPPU 2",
	"PricePerUnit": 7242.31,
	"UnitForPPU": "UnitForPPU 2",
	"UnitForPPUDescription": "UnitForPPUDescription 2",
	"CurrencyForPPU": "CurrencyForPPU 2",
	"__metadata": {
		"uri": "ServiceLineCollection(SAP__Origin='SAP__Origin 2',PrNumber='PrNumber 2',ItemNumber='ItemNumber 2',ServiceLineNumber='ServiceLineNumber 2')",
		"type": "GBAPP_PRAPPROVAL.ServiceLine"
	},
	"Accountings": {
		"__deferred": {
			"uri": "ServiceLineCollection(SAP__Origin='SAP__Origin 2',PrNumber='PrNumber 2',ItemNumber='ItemNumber 2',ServiceLineNumber='ServiceLineNumber 2')/Accountings"
		}
	}
}, {
	"SAP__Origin": "SAP__Origin 3",
	"PrNumber": "PrNumber 3",
	"ItemNumber": "ItemNumber 3",
	"ServiceLineNumber": "ServiceLineNumber 3",
	"ServiceID": "ServiceID 3",
	"Description": "Description 3",
	"LongDescription": "LongDescription 3",
	"Quantity": "Quantity 3",
	"Unit": "Unit 3",
	"UnitDescription": "UnitDescription 3",
	"Value": 8497.88,
	"Currency": "Currency 3",
	"QuantityForPPU": "QuantityForPPU 3",
	"PricePerUnit": 6825.45,
	"UnitForPPU": "UnitForPPU 3",
	"UnitForPPUDescription": "UnitForPPUDescription 3",
	"CurrencyForPPU": "CurrencyForPPU 3",
	"__metadata": {
		"uri": "ServiceLineCollection(SAP__Origin='SAP__Origin 3',PrNumber='PrNumber 3',ItemNumber='ItemNumber 3',ServiceLineNumber='ServiceLineNumber 3')",
		"type": "GBAPP_PRAPPROVAL.ServiceLine"
	},
	"Accountings": {
		"__deferred": {
			"uri": "ServiceLineCollection(SAP__Origin='SAP__Origin 3',PrNumber='PrNumber 3',ItemNumber='ItemNumber 3',ServiceLineNumber='ServiceLineNumber 3')/Accountings"
		}
	}
}, {
	"SAP__Origin": "SAP__Origin 4",
	"PrNumber": "PrNumber 4",
	"ItemNumber": "ItemNumber 4",
	"ServiceLineNumber": "ServiceLineNumber 4",
	"ServiceID": "ServiceID 4",
	"Description": "Description 4",
	"LongDescription": "LongDescription 4",
	"Quantity": "Quantity 4",
	"Unit": "Unit 4",
	"UnitDescription": "UnitDescription 4",
	"Value": 4460.92,
	"Currency": "Currency 4",
	"QuantityForPPU": "QuantityForPPU 4",
	"PricePerUnit": 2030.76,
	"UnitForPPU": "UnitForPPU 4",
	"UnitForPPUDescription": "UnitForPPUDescription 4",
	"CurrencyForPPU": "CurrencyForPPU 4",
	"__metadata": {
		"uri": "ServiceLineCollection(SAP__Origin='SAP__Origin 4',PrNumber='PrNumber 4',ItemNumber='ItemNumber 4',ServiceLineNumber='ServiceLineNumber 4')",
		"type": "GBAPP_PRAPPROVAL.ServiceLine"
	},
	"Accountings": {
		"__deferred": {
			"uri": "ServiceLineCollection(SAP__Origin='SAP__Origin 4',PrNumber='PrNumber 4',ItemNumber='ItemNumber 4',ServiceLineNumber='ServiceLineNumber 4')/Accountings"
		}
	}
}, {
	"SAP__Origin": "SAP__Origin 5",
	"PrNumber": "PrNumber 5",
	"ItemNumber": "ItemNumber 5",
	"ServiceLineNumber": "ServiceLineNumber 5",
	"ServiceID": "ServiceID 5",
	"Description": "Description 5",
	"LongDescription": "LongDescription 5",
	"Quantity": "Quantity 5",
	"Unit": "Unit 5",
	"UnitDescription": "UnitDescription 5",
	"Value": 3660.26,
	"Currency": "Currency 5",
	"QuantityForPPU": "QuantityForPPU 5",
	"PricePerUnit": 2625.65,
	"UnitForPPU": "UnitForPPU 5",
	"UnitForPPUDescription": "UnitForPPUDescription 5",
	"CurrencyForPPU": "CurrencyForPPU 5",
	"__metadata": {
		"uri": "ServiceLineCollection(SAP__Origin='SAP__Origin 5',PrNumber='PrNumber 5',ItemNumber='ItemNumber 5',ServiceLineNumber='ServiceLineNumber 5')",
		"type": "GBAPP_PRAPPROVAL.ServiceLine"
	},
	"Accountings": {
		"__deferred": {
			"uri": "ServiceLineCollection(SAP__Origin='SAP__Origin 5',PrNumber='PrNumber 5',ItemNumber='ItemNumber 5',ServiceLineNumber='ServiceLineNumber 5')/Accountings"
		}
	}
}, {
	"SAP__Origin": "SAP__Origin 6",
	"PrNumber": "PrNumber 6",
	"ItemNumber": "ItemNumber 6",
	"ServiceLineNumber": "ServiceLineNumber 6",
	"ServiceID": "ServiceID 6",
	"Description": "Description 6",
	"LongDescription": "LongDescription 6",
	"Quantity": "Quantity 6",
	"Unit": "Unit 6",
	"UnitDescription": "UnitDescription 6",
	"Value": 211.39,
	"Currency": "Currency 6",
	"QuantityForPPU": "QuantityForPPU 6",
	"PricePerUnit": 1078.59,
	"UnitForPPU": "UnitForPPU 6",
	"UnitForPPUDescription": "UnitForPPUDescription 6",
	"CurrencyForPPU": "CurrencyForPPU 6",
	"__metadata": {
		"uri": "ServiceLineCollection(SAP__Origin='SAP__Origin 6',PrNumber='PrNumber 6',ItemNumber='ItemNumber 6',ServiceLineNumber='ServiceLineNumber 6')",
		"type": "GBAPP_PRAPPROVAL.ServiceLine"
	},
	"Accountings": {
		"__deferred": {
			"uri": "ServiceLineCollection(SAP__Origin='SAP__Origin 6',PrNumber='PrNumber 6',ItemNumber='ItemNumber 6',ServiceLineNumber='ServiceLineNumber 6')/Accountings"
		}
	}
}, {
	"SAP__Origin": "SAP__Origin 7",
	"PrNumber": "PrNumber 7",
	"ItemNumber": "ItemNumber 7",
	"ServiceLineNumber": "ServiceLineNumber 7",
	"ServiceID": "ServiceID 7",
	"Description": "Description 7",
	"LongDescription": "LongDescription 7",
	"Quantity": "Quantity 7",
	"Unit": "Unit 7",
	"UnitDescription": "UnitDescription 7",
	"Value": 5254.67,
	"Currency": "Currency 7",
	"QuantityForPPU": "QuantityForPPU 7",
	"PricePerUnit": 1982.2,
	"UnitForPPU": "UnitForPPU 7",
	"UnitForPPUDescription": "UnitForPPUDescription 7",
	"CurrencyForPPU": "CurrencyForPPU 7",
	"__metadata": {
		"uri": "ServiceLineCollection(SAP__Origin='SAP__Origin 7',PrNumber='PrNumber 7',ItemNumber='ItemNumber 7',ServiceLineNumber='ServiceLineNumber 7')",
		"type": "GBAPP_PRAPPROVAL.ServiceLine"
	},
	"Accountings": {
		"__deferred": {
			"uri": "ServiceLineCollection(SAP__Origin='SAP__Origin 7',PrNumber='PrNumber 7',ItemNumber='ItemNumber 7',ServiceLineNumber='ServiceLineNumber 7')/Accountings"
		}
	}
}, {
	"SAP__Origin": "SAP__Origin 8",
	"PrNumber": "PrNumber 8",
	"ItemNumber": "ItemNumber 8",
	"ServiceLineNumber": "ServiceLineNumber 8",
	"ServiceID": "ServiceID 8",
	"Description": "Description 8",
	"LongDescription": "LongDescription 8",
	"Quantity": "Quantity 8",
	"Unit": "Unit 8",
	"UnitDescription": "UnitDescription 8",
	"Value": 9009.72,
	"Currency": "Currency 8",
	"QuantityForPPU": "QuantityForPPU 8",
	"PricePerUnit": 5518.95,
	"UnitForPPU": "UnitForPPU 8",
	"UnitForPPUDescription": "UnitForPPUDescription 8",
	"CurrencyForPPU": "CurrencyForPPU 8",
	"__metadata": {
		"uri": "ServiceLineCollection(SAP__Origin='SAP__Origin 8',PrNumber='PrNumber 8',ItemNumber='ItemNumber 8',ServiceLineNumber='ServiceLineNumber 8')",
		"type": "GBAPP_PRAPPROVAL.ServiceLine"
	},
	"Accountings": {
		"__deferred": {
			"uri": "ServiceLineCollection(SAP__Origin='SAP__Origin 8',PrNumber='PrNumber 8',ItemNumber='ItemNumber 8',ServiceLineNumber='ServiceLineNumber 8')/Accountings"
		}
	}
}, {
	"SAP__Origin": "SAP__Origin 9",
	"PrNumber": "PrNumber 9",
	"ItemNumber": "ItemNumber 9",
	"ServiceLineNumber": "ServiceLineNumber 9",
	"ServiceID": "ServiceID 9",
	"Description": "Description 9",
	"LongDescription": "LongDescription 9",
	"Quantity": "Quantity 9",
	"Unit": "Unit 9",
	"UnitDescription": "UnitDescription 9",
	"Value": 9172.67,
	"Currency": "Currency 9",
	"QuantityForPPU": "QuantityForPPU 9",
	"PricePerUnit": 4730.55,
	"UnitForPPU": "UnitForPPU 9",
	"UnitForPPUDescription": "UnitForPPUDescription 9",
	"CurrencyForPPU": "CurrencyForPPU 9",
	"__metadata": {
		"uri": "ServiceLineCollection(SAP__Origin='SAP__Origin 9',PrNumber='PrNumber 9',ItemNumber='ItemNumber 9',ServiceLineNumber='ServiceLineNumber 9')",
		"type": "GBAPP_PRAPPROVAL.ServiceLine"
	},
	"Accountings": {
		"__deferred": {
			"uri": "ServiceLineCollection(SAP__Origin='SAP__Origin 9',PrNumber='PrNumber 9',ItemNumber='ItemNumber 9',ServiceLineNumber='ServiceLineNumber 9')/Accountings"
		}
	}
}, {
	"SAP__Origin": "SAP__Origin 10",
	"PrNumber": "PrNumber 10",
	"ItemNumber": "ItemNumber 10",
	"ServiceLineNumber": "ServiceLineNumber 10",
	"ServiceID": "ServiceID 10",
	"Description": "Description 10",
	"LongDescription": "LongDescription 10",
	"Quantity": "Quantity 10",
	"Unit": "Unit 10",
	"UnitDescription": "UnitDescription 10",
	"Value": 3975.54,
	"Currency": "Currency 10",
	"QuantityForPPU": "QuantityForPPU 10",
	"PricePerUnit": 15.53,
	"UnitForPPU": "UnitForPPU 10",
	"UnitForPPUDescription": "UnitForPPUDescription 10",
	"CurrencyForPPU": "CurrencyForPPU 10",
	"__metadata": {
		"uri": "ServiceLineCollection(SAP__Origin='SAP__Origin 10',PrNumber='PrNumber 10',ItemNumber='ItemNumber 10',ServiceLineNumber='ServiceLineNumber 10')",
		"type": "GBAPP_PRAPPROVAL.ServiceLine"
	},
	"Accountings": {
		"__deferred": {
			"uri": "ServiceLineCollection(SAP__Origin='SAP__Origin 10',PrNumber='PrNumber 10',ItemNumber='ItemNumber 10',ServiceLineNumber='ServiceLineNumber 10')/Accountings"
		}
	}
}]