[{
	"SAP__Origin": "SAP__Origin 1",
	"SupplierID": "SupplierID 1",
	"ContactID": "ContactID 1",
	"ContactName": "ContactName 1",
	"Department": "Department 1",
	"Function": "Function 1",
	"MobilePhone": "MobilePhone 1",
	"WorkPhone": "WorkPhone 1",
	"EMail": "EMail 1",
	"CompanyName": "CompanyName 1",
	"AddressString": "AddressString 1",
	"MimeType": "MimeType 1",
	"__metadata": {
		"uri": "SupplierContactCollection(SAP__Origin='SAP__Origin 1',SupplierID='SupplierID 1',ContactID='ContactID 1')",
		"type": "GBAPP_PRAPPROVAL.SupplierContact"
	}
}, {
	"SAP__Origin": "SAP__Origin 2",
	"SupplierID": "SupplierID 2",
	"ContactID": "ContactID 2",
	"ContactName": "ContactName 2",
	"Department": "Department 2",
	"Function": "Function 2",
	"MobilePhone": "MobilePhone 2",
	"WorkPhone": "WorkPhone 2",
	"EMail": "EMail 2",
	"CompanyName": "CompanyName 2",
	"AddressString": "AddressString 2",
	"MimeType": "MimeType 2",
	"__metadata": {
		"uri": "SupplierContactCollection(SAP__Origin='SAP__Origin 2',SupplierID='SupplierID 2',ContactID='ContactID 2')",
		"type": "GBAPP_PRAPPROVAL.SupplierContact"
	}
}, {
	"SAP__Origin": "SAP__Origin 3",
	"SupplierID": "SupplierID 3",
	"ContactID": "ContactID 3",
	"ContactName": "ContactName 3",
	"Department": "Department 3",
	"Function": "Function 3",
	"MobilePhone": "MobilePhone 3",
	"WorkPhone": "WorkPhone 3",
	"EMail": "EMail 3",
	"CompanyName": "CompanyName 3",
	"AddressString": "AddressString 3",
	"MimeType": "MimeType 3",
	"__metadata": {
		"uri": "SupplierContactCollection(SAP__Origin='SAP__Origin 3',SupplierID='SupplierID 3',ContactID='ContactID 3')",
		"type": "GBAPP_PRAPPROVAL.SupplierContact"
	}
}, {
	"SAP__Origin": "SAP__Origin 4",
	"SupplierID": "SupplierID 4",
	"ContactID": "ContactID 4",
	"ContactName": "ContactName 4",
	"Department": "Department 4",
	"Function": "Function 4",
	"MobilePhone": "MobilePhone 4",
	"WorkPhone": "WorkPhone 4",
	"EMail": "EMail 4",
	"CompanyName": "CompanyName 4",
	"AddressString": "AddressString 4",
	"MimeType": "MimeType 4",
	"__metadata": {
		"uri": "SupplierContactCollection(SAP__Origin='SAP__Origin 4',SupplierID='SupplierID 4',ContactID='ContactID 4')",
		"type": "GBAPP_PRAPPROVAL.SupplierContact"
	}
}, {
	"SAP__Origin": "SAP__Origin 5",
	"SupplierID": "SupplierID 5",
	"ContactID": "ContactID 5",
	"ContactName": "ContactName 5",
	"Department": "Department 5",
	"Function": "Function 5",
	"MobilePhone": "MobilePhone 5",
	"WorkPhone": "WorkPhone 5",
	"EMail": "EMail 5",
	"CompanyName": "CompanyName 5",
	"AddressString": "AddressString 5",
	"MimeType": "MimeType 5",
	"__metadata": {
		"uri": "SupplierContactCollection(SAP__Origin='SAP__Origin 5',SupplierID='SupplierID 5',ContactID='ContactID 5')",
		"type": "GBAPP_PRAPPROVAL.SupplierContact"
	}
}, {
	"SAP__Origin": "SAP__Origin 6",
	"SupplierID": "SupplierID 6",
	"ContactID": "ContactID 6",
	"ContactName": "ContactName 6",
	"Department": "Department 6",
	"Function": "Function 6",
	"MobilePhone": "MobilePhone 6",
	"WorkPhone": "WorkPhone 6",
	"EMail": "EMail 6",
	"CompanyName": "CompanyName 6",
	"AddressString": "AddressString 6",
	"MimeType": "MimeType 6",
	"__metadata": {
		"uri": "SupplierContactCollection(SAP__Origin='SAP__Origin 6',SupplierID='SupplierID 6',ContactID='ContactID 6')",
		"type": "GBAPP_PRAPPROVAL.SupplierContact"
	}
}, {
	"SAP__Origin": "SAP__Origin 7",
	"SupplierID": "SupplierID 7",
	"ContactID": "ContactID 7",
	"ContactName": "ContactName 7",
	"Department": "Department 7",
	"Function": "Function 7",
	"MobilePhone": "MobilePhone 7",
	"WorkPhone": "WorkPhone 7",
	"EMail": "EMail 7",
	"CompanyName": "CompanyName 7",
	"AddressString": "AddressString 7",
	"MimeType": "MimeType 7",
	"__metadata": {
		"uri": "SupplierContactCollection(SAP__Origin='SAP__Origin 7',SupplierID='SupplierID 7',ContactID='ContactID 7')",
		"type": "GBAPP_PRAPPROVAL.SupplierContact"
	}
}, {
	"SAP__Origin": "SAP__Origin 8",
	"SupplierID": "SupplierID 8",
	"ContactID": "ContactID 8",
	"ContactName": "ContactName 8",
	"Department": "Department 8",
	"Function": "Function 8",
	"MobilePhone": "MobilePhone 8",
	"WorkPhone": "WorkPhone 8",
	"EMail": "EMail 8",
	"CompanyName": "CompanyName 8",
	"AddressString": "AddressString 8",
	"MimeType": "MimeType 8",
	"__metadata": {
		"uri": "SupplierContactCollection(SAP__Origin='SAP__Origin 8',SupplierID='SupplierID 8',ContactID='ContactID 8')",
		"type": "GBAPP_PRAPPROVAL.SupplierContact"
	}
}, {
	"SAP__Origin": "SAP__Origin 9",
	"SupplierID": "SupplierID 9",
	"ContactID": "ContactID 9",
	"ContactName": "ContactName 9",
	"Department": "Department 9",
	"Function": "Function 9",
	"MobilePhone": "MobilePhone 9",
	"WorkPhone": "WorkPhone 9",
	"EMail": "EMail 9",
	"CompanyName": "CompanyName 9",
	"AddressString": "AddressString 9",
	"MimeType": "MimeType 9",
	"__metadata": {
		"uri": "SupplierContactCollection(SAP__Origin='SAP__Origin 9',SupplierID='SupplierID 9',ContactID='ContactID 9')",
		"type": "GBAPP_PRAPPROVAL.SupplierContact"
	}
}, {
	"SAP__Origin": "SAP__Origin 10",
	"SupplierID": "SupplierID 10",
	"ContactID": "ContactID 10",
	"ContactName": "ContactName 10",
	"Department": "Department 10",
	"Function": "Function 10",
	"MobilePhone": "MobilePhone 10",
	"WorkPhone": "WorkPhone 10",
	"EMail": "EMail 10",
	"CompanyName": "CompanyName 10",
	"AddressString": "AddressString 10",
	"MimeType": "MimeType 10",
	"__metadata": {
		"uri": "SupplierContactCollection(SAP__Origin='SAP__Origin 10',SupplierID='SupplierID 10',ContactID='ContactID 10')",
		"type": "GBAPP_PRAPPROVAL.SupplierContact"
	}
}]