[{
	"SAP__Origin": "SAP__Origin 1",
	"SupplierID": "SupplierID 1",
	"SupplierName": "SupplierName 1",
	"AddressString": "AddressString 1",
	"WorkPhone": "WorkPhone 1",
	"Fax": "Fax 1",
	"EMail": "EMail 1",
	"WebSite": "WebSite 1",
	"MimeType": "MimeType 1",
	"__metadata": {
		"uri": "SupplierDetailCollection(SAP__Origin='SAP__Origin 1',SupplierID='SupplierID 1')",
		"type": "GBAPP_PRAPPROVAL.SupplierDetail"
	},
	"SupplierContacts": {
		"__deferred": {
			"uri": "SupplierDetailCollection(SAP__Origin='SAP__Origin 1',SupplierID='SupplierID 1')/SupplierContacts"
		}
	}
}, {
	"SAP__Origin": "SAP__Origin 2",
	"SupplierID": "SupplierID 2",
	"SupplierName": "SupplierName 2",
	"AddressString": "AddressString 2",
	"WorkPhone": "WorkPhone 2",
	"Fax": "Fax 2",
	"EMail": "EMail 2",
	"WebSite": "WebSite 2",
	"MimeType": "MimeType 2",
	"__metadata": {
		"uri": "SupplierDetailCollection(SAP__Origin='SAP__Origin 2',SupplierID='SupplierID 2')",
		"type": "GBAPP_PRAPPROVAL.SupplierDetail"
	},
	"SupplierContacts": {
		"__deferred": {
			"uri": "SupplierDetailCollection(SAP__Origin='SAP__Origin 2',SupplierID='SupplierID 2')/SupplierContacts"
		}
	}
}, {
	"SAP__Origin": "SAP__Origin 3",
	"SupplierID": "SupplierID 3",
	"SupplierName": "SupplierName 3",
	"AddressString": "AddressString 3",
	"WorkPhone": "WorkPhone 3",
	"Fax": "Fax 3",
	"EMail": "EMail 3",
	"WebSite": "WebSite 3",
	"MimeType": "MimeType 3",
	"__metadata": {
		"uri": "SupplierDetailCollection(SAP__Origin='SAP__Origin 3',SupplierID='SupplierID 3')",
		"type": "GBAPP_PRAPPROVAL.SupplierDetail"
	},
	"SupplierContacts": {
		"__deferred": {
			"uri": "SupplierDetailCollection(SAP__Origin='SAP__Origin 3',SupplierID='SupplierID 3')/SupplierContacts"
		}
	}
}, {
	"SAP__Origin": "SAP__Origin 4",
	"SupplierID": "SupplierID 4",
	"SupplierName": "SupplierName 4",
	"AddressString": "AddressString 4",
	"WorkPhone": "WorkPhone 4",
	"Fax": "Fax 4",
	"EMail": "EMail 4",
	"WebSite": "WebSite 4",
	"MimeType": "MimeType 4",
	"__metadata": {
		"uri": "SupplierDetailCollection(SAP__Origin='SAP__Origin 4',SupplierID='SupplierID 4')",
		"type": "GBAPP_PRAPPROVAL.SupplierDetail"
	},
	"SupplierContacts": {
		"__deferred": {
			"uri": "SupplierDetailCollection(SAP__Origin='SAP__Origin 4',SupplierID='SupplierID 4')/SupplierContacts"
		}
	}
}, {
	"SAP__Origin": "SAP__Origin 5",
	"SupplierID": "SupplierID 5",
	"SupplierName": "SupplierName 5",
	"AddressString": "AddressString 5",
	"WorkPhone": "WorkPhone 5",
	"Fax": "Fax 5",
	"EMail": "EMail 5",
	"WebSite": "WebSite 5",
	"MimeType": "MimeType 5",
	"__metadata": {
		"uri": "SupplierDetailCollection(SAP__Origin='SAP__Origin 5',SupplierID='SupplierID 5')",
		"type": "GBAPP_PRAPPROVAL.SupplierDetail"
	},
	"SupplierContacts": {
		"__deferred": {
			"uri": "SupplierDetailCollection(SAP__Origin='SAP__Origin 5',SupplierID='SupplierID 5')/SupplierContacts"
		}
	}
}, {
	"SAP__Origin": "SAP__Origin 6",
	"SupplierID": "SupplierID 6",
	"SupplierName": "SupplierName 6",
	"AddressString": "AddressString 6",
	"WorkPhone": "WorkPhone 6",
	"Fax": "Fax 6",
	"EMail": "EMail 6",
	"WebSite": "WebSite 6",
	"MimeType": "MimeType 6",
	"__metadata": {
		"uri": "SupplierDetailCollection(SAP__Origin='SAP__Origin 6',SupplierID='SupplierID 6')",
		"type": "GBAPP_PRAPPROVAL.SupplierDetail"
	},
	"SupplierContacts": {
		"__deferred": {
			"uri": "SupplierDetailCollection(SAP__Origin='SAP__Origin 6',SupplierID='SupplierID 6')/SupplierContacts"
		}
	}
}, {
	"SAP__Origin": "SAP__Origin 7",
	"SupplierID": "SupplierID 7",
	"SupplierName": "SupplierName 7",
	"AddressString": "AddressString 7",
	"WorkPhone": "WorkPhone 7",
	"Fax": "Fax 7",
	"EMail": "EMail 7",
	"WebSite": "WebSite 7",
	"MimeType": "MimeType 7",
	"__metadata": {
		"uri": "SupplierDetailCollection(SAP__Origin='SAP__Origin 7',SupplierID='SupplierID 7')",
		"type": "GBAPP_PRAPPROVAL.SupplierDetail"
	},
	"SupplierContacts": {
		"__deferred": {
			"uri": "SupplierDetailCollection(SAP__Origin='SAP__Origin 7',SupplierID='SupplierID 7')/SupplierContacts"
		}
	}
}, {
	"SAP__Origin": "SAP__Origin 8",
	"SupplierID": "SupplierID 8",
	"SupplierName": "SupplierName 8",
	"AddressString": "AddressString 8",
	"WorkPhone": "WorkPhone 8",
	"Fax": "Fax 8",
	"EMail": "EMail 8",
	"WebSite": "WebSite 8",
	"MimeType": "MimeType 8",
	"__metadata": {
		"uri": "SupplierDetailCollection(SAP__Origin='SAP__Origin 8',SupplierID='SupplierID 8')",
		"type": "GBAPP_PRAPPROVAL.SupplierDetail"
	},
	"SupplierContacts": {
		"__deferred": {
			"uri": "SupplierDetailCollection(SAP__Origin='SAP__Origin 8',SupplierID='SupplierID 8')/SupplierContacts"
		}
	}
}, {
	"SAP__Origin": "SAP__Origin 9",
	"SupplierID": "SupplierID 9",
	"SupplierName": "SupplierName 9",
	"AddressString": "AddressString 9",
	"WorkPhone": "WorkPhone 9",
	"Fax": "Fax 9",
	"EMail": "EMail 9",
	"WebSite": "WebSite 9",
	"MimeType": "MimeType 9",
	"__metadata": {
		"uri": "SupplierDetailCollection(SAP__Origin='SAP__Origin 9',SupplierID='SupplierID 9')",
		"type": "GBAPP_PRAPPROVAL.SupplierDetail"
	},
	"SupplierContacts": {
		"__deferred": {
			"uri": "SupplierDetailCollection(SAP__Origin='SAP__Origin 9',SupplierID='SupplierID 9')/SupplierContacts"
		}
	}
}, {
	"SAP__Origin": "SAP__Origin 10",
	"SupplierID": "SupplierID 10",
	"SupplierName": "SupplierName 10",
	"AddressString": "AddressString 10",
	"WorkPhone": "WorkPhone 10",
	"Fax": "Fax 10",
	"EMail": "EMail 10",
	"WebSite": "WebSite 10",
	"MimeType": "MimeType 10",
	"__metadata": {
		"uri": "SupplierDetailCollection(SAP__Origin='SAP__Origin 10',SupplierID='SupplierID 10')",
		"type": "GBAPP_PRAPPROVAL.SupplierDetail"
	},
	"SupplierContacts": {
		"__deferred": {
			"uri": "SupplierDetailCollection(SAP__Origin='SAP__Origin 10',SupplierID='SupplierID 10')/SupplierContacts"
		}
	}
}]