[{
	"SAP__Origin": "SAP__Origin 1",
	"UserID": "UserID 1",
	"FirstName": "FirstName 1",
	"LastName": "LastName 1",
	"FullName": "FullName 1",
	"Department": "Department 1",
	"EMail": "EMail 1",
	"WorkPhone": "WorkPhone 1",
	"MobilePhone": "MobilePhone 1",
	"CompanyName": "CompanyName 1",
	"AddressString": "AddressString 1",
	"MimeType": "MimeType 1",
	"__metadata": {
		"uri": "UserDetailsCollection(SAP__Origin='SAP__Origin 1',UserID='UserID 1')",
		"type": "GBAPP_PRAPPROVAL.UserDetails"
	}
}, {
	"SAP__Origin": "SAP__Origin 2",
	"UserID": "UserID 2",
	"FirstName": "FirstName 2",
	"LastName": "LastName 2",
	"FullName": "FullName 2",
	"Department": "Department 2",
	"EMail": "EMail 2",
	"WorkPhone": "WorkPhone 2",
	"MobilePhone": "MobilePhone 2",
	"CompanyName": "CompanyName 2",
	"AddressString": "AddressString 2",
	"MimeType": "MimeType 2",
	"__metadata": {
		"uri": "UserDetailsCollection(SAP__Origin='SAP__Origin 2',UserID='UserID 2')",
		"type": "GBAPP_PRAPPROVAL.UserDetails"
	}
}, {
	"SAP__Origin": "SAP__Origin 3",
	"UserID": "UserID 3",
	"FirstName": "FirstName 3",
	"LastName": "LastName 3",
	"FullName": "FullName 3",
	"Department": "Department 3",
	"EMail": "EMail 3",
	"WorkPhone": "WorkPhone 3",
	"MobilePhone": "MobilePhone 3",
	"CompanyName": "CompanyName 3",
	"AddressString": "AddressString 3",
	"MimeType": "MimeType 3",
	"__metadata": {
		"uri": "UserDetailsCollection(SAP__Origin='SAP__Origin 3',UserID='UserID 3')",
		"type": "GBAPP_PRAPPROVAL.UserDetails"
	}
}, {
	"SAP__Origin": "SAP__Origin 4",
	"UserID": "UserID 4",
	"FirstName": "FirstName 4",
	"LastName": "LastName 4",
	"FullName": "FullName 4",
	"Department": "Department 4",
	"EMail": "EMail 4",
	"WorkPhone": "WorkPhone 4",
	"MobilePhone": "MobilePhone 4",
	"CompanyName": "CompanyName 4",
	"AddressString": "AddressString 4",
	"MimeType": "MimeType 4",
	"__metadata": {
		"uri": "UserDetailsCollection(SAP__Origin='SAP__Origin 4',UserID='UserID 4')",
		"type": "GBAPP_PRAPPROVAL.UserDetails"
	}
}, {
	"SAP__Origin": "SAP__Origin 5",
	"UserID": "UserID 5",
	"FirstName": "FirstName 5",
	"LastName": "LastName 5",
	"FullName": "FullName 5",
	"Department": "Department 5",
	"EMail": "EMail 5",
	"WorkPhone": "WorkPhone 5",
	"MobilePhone": "MobilePhone 5",
	"CompanyName": "CompanyName 5",
	"AddressString": "AddressString 5",
	"MimeType": "MimeType 5",
	"__metadata": {
		"uri": "UserDetailsCollection(SAP__Origin='SAP__Origin 5',UserID='UserID 5')",
		"type": "GBAPP_PRAPPROVAL.UserDetails"
	}
}, {
	"SAP__Origin": "SAP__Origin 6",
	"UserID": "UserID 6",
	"FirstName": "FirstName 6",
	"LastName": "LastName 6",
	"FullName": "FullName 6",
	"Department": "Department 6",
	"EMail": "EMail 6",
	"WorkPhone": "WorkPhone 6",
	"MobilePhone": "MobilePhone 6",
	"CompanyName": "CompanyName 6",
	"AddressString": "AddressString 6",
	"MimeType": "MimeType 6",
	"__metadata": {
		"uri": "UserDetailsCollection(SAP__Origin='SAP__Origin 6',UserID='UserID 6')",
		"type": "GBAPP_PRAPPROVAL.UserDetails"
	}
}, {
	"SAP__Origin": "SAP__Origin 7",
	"UserID": "UserID 7",
	"FirstName": "FirstName 7",
	"LastName": "LastName 7",
	"FullName": "FullName 7",
	"Department": "Department 7",
	"EMail": "EMail 7",
	"WorkPhone": "WorkPhone 7",
	"MobilePhone": "MobilePhone 7",
	"CompanyName": "CompanyName 7",
	"AddressString": "AddressString 7",
	"MimeType": "MimeType 7",
	"__metadata": {
		"uri": "UserDetailsCollection(SAP__Origin='SAP__Origin 7',UserID='UserID 7')",
		"type": "GBAPP_PRAPPROVAL.UserDetails"
	}
}, {
	"SAP__Origin": "SAP__Origin 8",
	"UserID": "UserID 8",
	"FirstName": "FirstName 8",
	"LastName": "LastName 8",
	"FullName": "FullName 8",
	"Department": "Department 8",
	"EMail": "EMail 8",
	"WorkPhone": "WorkPhone 8",
	"MobilePhone": "MobilePhone 8",
	"CompanyName": "CompanyName 8",
	"AddressString": "AddressString 8",
	"MimeType": "MimeType 8",
	"__metadata": {
		"uri": "UserDetailsCollection(SAP__Origin='SAP__Origin 8',UserID='UserID 8')",
		"type": "GBAPP_PRAPPROVAL.UserDetails"
	}
}, {
	"SAP__Origin": "SAP__Origin 9",
	"UserID": "UserID 9",
	"FirstName": "FirstName 9",
	"LastName": "LastName 9",
	"FullName": "FullName 9",
	"Department": "Department 9",
	"EMail": "EMail 9",
	"WorkPhone": "WorkPhone 9",
	"MobilePhone": "MobilePhone 9",
	"CompanyName": "CompanyName 9",
	"AddressString": "AddressString 9",
	"MimeType": "MimeType 9",
	"__metadata": {
		"uri": "UserDetailsCollection(SAP__Origin='SAP__Origin 9',UserID='UserID 9')",
		"type": "GBAPP_PRAPPROVAL.UserDetails"
	}
}, {
	"SAP__Origin": "SAP__Origin 10",
	"UserID": "UserID 10",
	"FirstName": "FirstName 10",
	"LastName": "LastName 10",
	"FullName": "FullName 10",
	"Department": "Department 10",
	"EMail": "EMail 10",
	"WorkPhone": "WorkPhone 10",
	"MobilePhone": "MobilePhone 10",
	"CompanyName": "CompanyName 10",
	"AddressString": "AddressString 10",
	"MimeType": "MimeType 10",
	"__metadata": {
		"uri": "UserDetailsCollection(SAP__Origin='SAP__Origin 10',UserID='UserID 10')",
		"type": "GBAPP_PRAPPROVAL.UserDetails"
	}
}]