[{
	"SAP__Origin": "SAP__Origin 1",
	"WorkitemID": "WorkitemID 1",
	"TaskType": "TaskType 1",
	"WiCreatedAt": "/Date(967126302000)/",
	"ForwardedByID": "ForwardedByID 1",
	"ForwardedByName": "ForwardedByName 1",
	"SubstitutingForID": "SubstitutingForID 1",
	"SubstitutingForName": "SubstitutingForName 1",
	"PrNumber": "PrNumber 1",
	"ItemNumber": "ItemNumber 1",
	"PrNumberFormatted": "PrNumberFormatted 1",
	"ItemNumberFormatted": "ItemNumberFormatted 1",
	"CreatedByID": "CreatedByID 1",
	"CreatedByName": "CreatedByName 1",
	"IsItemBasedApproval": "IsItemBasedApproval 1",
	"ItemDescriptions": "ItemDescriptions 1",
	"Value": 4816.72,
	"Currency": "Currency 1",
	"ItemType": "ItemType 1",
	"SearchForText": "SearchForText 1",
	"__metadata": {
		"uri": "WorkflowTaskCollection(SAP__Origin='SAP__Origin 1',WorkitemID='WorkitemID 1')",
		"type": "GBAPP_PRAPPROVAL.WorkflowTask"
	},
	"ItemDetails": {
		"__deferred": {
			"uri": "WorkflowTaskCollection(SAP__Origin='SAP__Origin 1',WorkitemID='WorkitemID 1')/ItemDetails"
		}
	},
	"HeaderDetails": {
		"__deferred": {
			"uri": "WorkflowTaskCollection(SAP__Origin='SAP__Origin 1',WorkitemID='WorkitemID 1')/HeaderDetails"
		}
	}
}, {
	"SAP__Origin": "SAP__Origin 2",
	"WorkitemID": "WorkitemID 2",
	"TaskType": "TaskType 2",
	"WiCreatedAt": "/Date(1261667502000)/",
	"ForwardedByID": "ForwardedByID 2",
	"ForwardedByName": "ForwardedByName 2",
	"SubstitutingForID": "SubstitutingForID 2",
	"SubstitutingForName": "SubstitutingForName 2",
	"PrNumber": "PrNumber 2",
	"ItemNumber": "ItemNumber 2",
	"PrNumberFormatted": "PrNumberFormatted 2",
	"ItemNumberFormatted": "ItemNumberFormatted 2",
	"CreatedByID": "CreatedByID 2",
	"CreatedByName": "CreatedByName 2",
	"IsItemBasedApproval": "IsItemBasedApproval 2",
	"ItemDescriptions": "ItemDescriptions 2",
	"Value": 164.15,
	"Currency": "Currency 2",
	"ItemType": "ItemType 2",
	"SearchForText": "SearchForText 2",
	"__metadata": {
		"uri": "WorkflowTaskCollection(SAP__Origin='SAP__Origin 2',WorkitemID='WorkitemID 2')",
		"type": "GBAPP_PRAPPROVAL.WorkflowTask"
	},
	"ItemDetails": {
		"__deferred": {
			"uri": "WorkflowTaskCollection(SAP__Origin='SAP__Origin 2',WorkitemID='WorkitemID 2')/ItemDetails"
		}
	},
	"HeaderDetails": {
		"__deferred": {
			"uri": "WorkflowTaskCollection(SAP__Origin='SAP__Origin 2',WorkitemID='WorkitemID 2')/HeaderDetails"
		}
	}
}, {
	"SAP__Origin": "SAP__Origin 3",
	"WorkitemID": "WorkitemID 3",
	"TaskType": "TaskType 3",
	"WiCreatedAt": "/Date(969977502000)/",
	"ForwardedByID": "ForwardedByID 3",
	"ForwardedByName": "ForwardedByName 3",
	"SubstitutingForID": "SubstitutingForID 3",
	"SubstitutingForName": "SubstitutingForName 3",
	"PrNumber": "PrNumber 3",
	"ItemNumber": "ItemNumber 3",
	"PrNumberFormatted": "PrNumberFormatted 3",
	"ItemNumberFormatted": "ItemNumberFormatted 3",
	"CreatedByID": "CreatedByID 3",
	"CreatedByName": "CreatedByName 3",
	"IsItemBasedApproval": "IsItemBasedApproval 3",
	"ItemDescriptions": "ItemDescriptions 3",
	"Value": 221.03,
	"Currency": "Currency 3",
	"ItemType": "ItemType 3",
	"SearchForText": "SearchForText 3",
	"__metadata": {
		"uri": "WorkflowTaskCollection(SAP__Origin='SAP__Origin 3',WorkitemID='WorkitemID 3')",
		"type": "GBAPP_PRAPPROVAL.WorkflowTask"
	},
	"ItemDetails": {
		"__deferred": {
			"uri": "WorkflowTaskCollection(SAP__Origin='SAP__Origin 3',WorkitemID='WorkitemID 3')/ItemDetails"
		}
	},
	"HeaderDetails": {
		"__deferred": {
			"uri": "WorkflowTaskCollection(SAP__Origin='SAP__Origin 3',WorkitemID='WorkitemID 3')/HeaderDetails"
		}
	}
}, {
	"SAP__Origin": "SAP__Origin 4",
	"WorkitemID": "WorkitemID 4",
	"TaskType": "TaskType 4",
	"WiCreatedAt": "/Date(1314281502000)/",
	"ForwardedByID": "ForwardedByID 4",
	"ForwardedByName": "ForwardedByName 4",
	"SubstitutingForID": "SubstitutingForID 4",
	"SubstitutingForName": "SubstitutingForName 4",
	"PrNumber": "PrNumber 4",
	"ItemNumber": "ItemNumber 4",
	"PrNumberFormatted": "PrNumberFormatted 4",
	"ItemNumberFormatted": "ItemNumberFormatted 4",
	"CreatedByID": "CreatedByID 4",
	"CreatedByName": "CreatedByName 4",
	"IsItemBasedApproval": "IsItemBasedApproval 4",
	"ItemDescriptions": "ItemDescriptions 4",
	"Value": 9120.15,
	"Currency": "Currency 4",
	"ItemType": "ItemType 4",
	"SearchForText": "SearchForText 4",
	"__metadata": {
		"uri": "WorkflowTaskCollection(SAP__Origin='SAP__Origin 4',WorkitemID='WorkitemID 4')",
		"type": "GBAPP_PRAPPROVAL.WorkflowTask"
	},
	"ItemDetails": {
		"__deferred": {
			"uri": "WorkflowTaskCollection(SAP__Origin='SAP__Origin 4',WorkitemID='WorkitemID 4')/ItemDetails"
		}
	},
	"HeaderDetails": {
		"__deferred": {
			"uri": "WorkflowTaskCollection(SAP__Origin='SAP__Origin 4',WorkitemID='WorkitemID 4')/HeaderDetails"
		}
	}
}, {
	"SAP__Origin": "SAP__Origin 5",
	"WorkitemID": "WorkitemID 5",
	"TaskType": "TaskType 5",
	"WiCreatedAt": "/Date(1307715102000)/",
	"ForwardedByID": "ForwardedByID 5",
	"ForwardedByName": "ForwardedByName 5",
	"SubstitutingForID": "SubstitutingForID 5",
	"SubstitutingForName": "SubstitutingForName 5",
	"PrNumber": "PrNumber 5",
	"ItemNumber": "ItemNumber 5",
	"PrNumberFormatted": "PrNumberFormatted 5",
	"ItemNumberFormatted": "ItemNumberFormatted 5",
	"CreatedByID": "CreatedByID 5",
	"CreatedByName": "CreatedByName 5",
	"IsItemBasedApproval": "IsItemBasedApproval 5",
	"ItemDescriptions": "ItemDescriptions 5",
	"Value": 9975.01,
	"Currency": "Currency 5",
	"ItemType": "ItemType 5",
	"SearchForText": "SearchForText 5",
	"__metadata": {
		"uri": "WorkflowTaskCollection(SAP__Origin='SAP__Origin 5',WorkitemID='WorkitemID 5')",
		"type": "GBAPP_PRAPPROVAL.WorkflowTask"
	},
	"ItemDetails": {
		"__deferred": {
			"uri": "WorkflowTaskCollection(SAP__Origin='SAP__Origin 5',WorkitemID='WorkitemID 5')/ItemDetails"
		}
	},
	"HeaderDetails": {
		"__deferred": {
			"uri": "WorkflowTaskCollection(SAP__Origin='SAP__Origin 5',WorkitemID='WorkitemID 5')/HeaderDetails"
		}
	}
}, {
	"SAP__Origin": "SAP__Origin 6",
	"WorkitemID": "WorkitemID 6",
	"TaskType": "TaskType 6",
	"WiCreatedAt": "/Date(975165102000)/",
	"ForwardedByID": "ForwardedByID 6",
	"ForwardedByName": "ForwardedByName 6",
	"SubstitutingForID": "SubstitutingForID 6",
	"SubstitutingForName": "SubstitutingForName 6",
	"PrNumber": "PrNumber 6",
	"ItemNumber": "ItemNumber 6",
	"PrNumberFormatted": "PrNumberFormatted 6",
	"ItemNumberFormatted": "ItemNumberFormatted 6",
	"CreatedByID": "CreatedByID 6",
	"CreatedByName": "CreatedByName 6",
	"IsItemBasedApproval": "IsItemBasedApproval 6",
	"ItemDescriptions": "ItemDescriptions 6",
	"Value": 4702.73,
	"Currency": "Currency 6",
	"ItemType": "ItemType 6",
	"SearchForText": "SearchForText 6",
	"__metadata": {
		"uri": "WorkflowTaskCollection(SAP__Origin='SAP__Origin 6',WorkitemID='WorkitemID 6')",
		"type": "GBAPP_PRAPPROVAL.WorkflowTask"
	},
	"ItemDetails": {
		"__deferred": {
			"uri": "WorkflowTaskCollection(SAP__Origin='SAP__Origin 6',WorkitemID='WorkitemID 6')/ItemDetails"
		}
	},
	"HeaderDetails": {
		"__deferred": {
			"uri": "WorkflowTaskCollection(SAP__Origin='SAP__Origin 6',WorkitemID='WorkitemID 6')/HeaderDetails"
		}
	}
}, {
	"SAP__Origin": "SAP__Origin 7",
	"WorkitemID": "WorkitemID 7",
	"TaskType": "TaskType 7",
	"WiCreatedAt": "/Date(1006614702000)/",
	"ForwardedByID": "ForwardedByID 7",
	"ForwardedByName": "ForwardedByName 7",
	"SubstitutingForID": "SubstitutingForID 7",
	"SubstitutingForName": "SubstitutingForName 7",
	"PrNumber": "PrNumber 7",
	"ItemNumber": "ItemNumber 7",
	"PrNumberFormatted": "PrNumberFormatted 7",
	"ItemNumberFormatted": "ItemNumberFormatted 7",
	"CreatedByID": "CreatedByID 7",
	"CreatedByName": "CreatedByName 7",
	"IsItemBasedApproval": "IsItemBasedApproval 7",
	"ItemDescriptions": "ItemDescriptions 7",
	"Value": 1146.67,
	"Currency": "Currency 7",
	"ItemType": "ItemType 7",
	"SearchForText": "SearchForText 7",
	"__metadata": {
		"uri": "WorkflowTaskCollection(SAP__Origin='SAP__Origin 7',WorkitemID='WorkitemID 7')",
		"type": "GBAPP_PRAPPROVAL.WorkflowTask"
	},
	"ItemDetails": {
		"__deferred": {
			"uri": "WorkflowTaskCollection(SAP__Origin='SAP__Origin 7',WorkitemID='WorkitemID 7')/ItemDetails"
		}
	},
	"HeaderDetails": {
		"__deferred": {
			"uri": "WorkflowTaskCollection(SAP__Origin='SAP__Origin 7',WorkitemID='WorkitemID 7')/HeaderDetails"
		}
	}
}, {
	"SAP__Origin": "SAP__Origin 8",
	"WorkitemID": "WorkitemID 8",
	"TaskType": "TaskType 8",
	"WiCreatedAt": "/Date(1238595102000)/",
	"ForwardedByID": "ForwardedByID 8",
	"ForwardedByName": "ForwardedByName 8",
	"SubstitutingForID": "SubstitutingForID 8",
	"SubstitutingForName": "SubstitutingForName 8",
	"PrNumber": "PrNumber 8",
	"ItemNumber": "ItemNumber 8",
	"PrNumberFormatted": "PrNumberFormatted 8",
	"ItemNumberFormatted": "ItemNumberFormatted 8",
	"CreatedByID": "CreatedByID 8",
	"CreatedByName": "CreatedByName 8",
	"IsItemBasedApproval": "IsItemBasedApproval 8",
	"ItemDescriptions": "ItemDescriptions 8",
	"Value": 9984.07,
	"Currency": "Currency 8",
	"ItemType": "ItemType 8",
	"SearchForText": "SearchForText 8",
	"__metadata": {
		"uri": "WorkflowTaskCollection(SAP__Origin='SAP__Origin 8',WorkitemID='WorkitemID 8')",
		"type": "GBAPP_PRAPPROVAL.WorkflowTask"
	},
	"ItemDetails": {
		"__deferred": {
			"uri": "WorkflowTaskCollection(SAP__Origin='SAP__Origin 8',WorkitemID='WorkitemID 8')/ItemDetails"
		}
	},
	"HeaderDetails": {
		"__deferred": {
			"uri": "WorkflowTaskCollection(SAP__Origin='SAP__Origin 8',WorkitemID='WorkitemID 8')/HeaderDetails"
		}
	}
}, {
	"SAP__Origin": "SAP__Origin 9",
	"WorkitemID": "WorkitemID 9",
	"TaskType": "TaskType 9",
	"WiCreatedAt": "/Date(1061388702000)/",
	"ForwardedByID": "ForwardedByID 9",
	"ForwardedByName": "ForwardedByName 9",
	"SubstitutingForID": "SubstitutingForID 9",
	"SubstitutingForName": "SubstitutingForName 9",
	"PrNumber": "PrNumber 9",
	"ItemNumber": "ItemNumber 9",
	"PrNumberFormatted": "PrNumberFormatted 9",
	"ItemNumberFormatted": "ItemNumberFormatted 9",
	"CreatedByID": "CreatedByID 9",
	"CreatedByName": "CreatedByName 9",
	"IsItemBasedApproval": "IsItemBasedApproval 9",
	"ItemDescriptions": "ItemDescriptions 9",
	"Value": 5806.33,
	"Currency": "Currency 9",
	"ItemType": "ItemType 9",
	"SearchForText": "SearchForText 9",
	"__metadata": {
		"uri": "WorkflowTaskCollection(SAP__Origin='SAP__Origin 9',WorkitemID='WorkitemID 9')",
		"type": "GBAPP_PRAPPROVAL.WorkflowTask"
	},
	"ItemDetails": {
		"__deferred": {
			"uri": "WorkflowTaskCollection(SAP__Origin='SAP__Origin 9',WorkitemID='WorkitemID 9')/ItemDetails"
		}
	},
	"HeaderDetails": {
		"__deferred": {
			"uri": "WorkflowTaskCollection(SAP__Origin='SAP__Origin 9',WorkitemID='WorkitemID 9')/HeaderDetails"
		}
	}
}, {
	"SAP__Origin": "SAP__Origin 10",
	"WorkitemID": "WorkitemID 10",
	"TaskType": "TaskType 10",
	"WiCreatedAt": "/Date(1495894302000)/",
	"ForwardedByID": "ForwardedByID 10",
	"ForwardedByName": "ForwardedByName 10",
	"SubstitutingForID": "SubstitutingForID 10",
	"SubstitutingForName": "SubstitutingForName 10",
	"PrNumber": "PrNumber 10",
	"ItemNumber": "ItemNumber 10",
	"PrNumberFormatted": "PrNumberFormatted 10",
	"ItemNumberFormatted": "ItemNumberFormatted 10",
	"CreatedByID": "CreatedByID 10",
	"CreatedByName": "CreatedByName 10",
	"IsItemBasedApproval": "IsItemBasedApproval 10",
	"ItemDescriptions": "ItemDescriptions 10",
	"Value": 128.41,
	"Currency": "Currency 10",
	"ItemType": "ItemType 10",
	"SearchForText": "SearchForText 10",
	"__metadata": {
		"uri": "WorkflowTaskCollection(SAP__Origin='SAP__Origin 10',WorkitemID='WorkitemID 10')",
		"type": "GBAPP_PRAPPROVAL.WorkflowTask"
	},
	"ItemDetails": {
		"__deferred": {
			"uri": "WorkflowTaskCollection(SAP__Origin='SAP__Origin 10',WorkitemID='WorkitemID 10')/ItemDetails"
		}
	},
	"HeaderDetails": {
		"__deferred": {
			"uri": "WorkflowTaskCollection(SAP__Origin='SAP__Origin 10',WorkitemID='WorkitemID 10')/HeaderDetails"
		}
	}
}]